"","Alpha.3.code","exposure_scaled","sensitivity_scaled","adaptive_capacity_scaled","adaptive_capacity_inverse_scaled","index_mean_scaled","crit_1_1","crit_1_1_A","crit_1_1_B","crit_1_2","crit_2_1","crit_2_1_A","crit_2_1_B","crit_2_1_C","crit_2_1_D","crit_2_2","crit_2_2_A","crit_2_2_B","crit_2_2_C","crit_3_1","crit_3_2","crit_3_2_A","crit_3_2_B","crit_3_2_C","crit_3_2_D","crit_3_2_E","crit_3_2_F","crit_3_1_inverse","crit_3_2_inverse","crit_3_2_A_inverse","crit_3_2_B_inverse","crit_3_2_C_inverse","crit_3_2_D_inverse","crit_3_2_E_inverse","crit_3_2_F_inverse","cfa_vulnerability_score","cfa_mean_vulnerability","SIFI_Index","Continent","country"
"1","AGO",0.366679294813315,0.833031456911924,0.274256618393354,0.672801021150913,0.81136841576495,0.116333284522963,0.0348753707067336,0.142385207577851,0.532492086984109,0.289877071175299,0.00698648875815528,0.0197012113168159,0.757823184220409,0.590832293555343,0.967324408989868,0.681023277919643,1,0.695397773044388,0.265473887814313,0.32275295517994,0.129418593336371,0.288581820575858,0.590553277326607,0.30661074619596,0.299842736939488,0.321510556705356,0.734526112185687,0.67724704482006,0.870581406663629,0.711418179424142,0.409446722673393,0.69338925380404,0.700157263060512,0.678489443294644,0.11848598833781,0.11848598833781,0.866493752598307,"Africa","Angola"
"2","ALB",0.310300975275909,0.120620103283428,0.54399552812453,0.305428414519151,0.303374923856963,0.22754264670899,0.0558560005585795,0.282451581710111,0.328173456122133,0.0615762472886857,0.000465534478219093,0.00123943742003304,0.585087195051531,0,0.170547880718557,0.406312749197135,0.224220080964337,0,0.69100580270793,0.545234111677502,0.292735846062612,0.571017165064373,0.744853078073881,0.601037124851526,0.45219902268756,0.609562433325062,0.30899419729207,0.454765888322498,0.707264153937388,0.428982834935627,0.255146921926119,0.398962875148474,0.54780097731244,0.390437566674938,-0.141814479461256,-0.141814479461256,0.240435854168226,"Europe","Albania"
"3","ARE",0.374352884918269,0.491437847677896,0.714006450786316,0.170570924594343,0.455555988119723,0.197637530354861,0.0112299833952433,0.257254513441345,0.463860839720698,0.210055702046824,0.00437655557330728,0.00830800810880705,0.738413504771027,0.348542112596232,0.555632173395129,0.635584171674528,0.435134750815136,0.40360649787118,0.835589941972921,0.699944925180552,0.731660803316943,0.889669374578994,0.824329299129529,0.750351421331109,0.73068883264994,0.272969820076799,0.164410058027079,0.300055074819448,0.268339196683057,0.110330625421006,0.175670700870471,0.249648578668891,0.26931116735006,0.727030179923201,-0.0555722997040564,-0.0555722997040564,0.447859983180934,"Asia","United Arab Emirates"
"4","ARG",0.16018770100722,0.395420946648793,0.555682136611558,0.254858341458235,0.342469175936707,0.0235001495004098,0.0294827241664681,0.0215867985739191,0.284302618907246,0.15338448136948,0.000609617865203273,0.00576585383807504,0.651853074587363,0.245669247178456,0.474146204173661,0.430613744764131,0.4239898683801,0.44117062156221,0.795454545454545,0.548636581724103,0.407720763444591,0.549523571859238,0.66515020539272,0.480470407410726,0.487567575604873,0.701386966632471,0.204545454545455,0.451363418275897,0.592279236555409,0.450476428140762,0.33484979460728,0.519529592589274,0.512432424395127,0.298613033367529,-0.0762562059767009,-0.0762562059767009,0.398112385714561,"Americas","Argentina"
"5","AUS",0.180079541991386,0.505290146511135,0.944844544839714,0.031856616608842,0.293116259086479,0.0244558394138857,0.00620726888159704,0.0302921091278562,0.316198471605379,0.246953878026611,0.0151163229768916,0.00284918865115696,0.608254135492987,0.600866828137563,0.538665849619767,0.596197232965221,0.527863513151535,0.31308824675319,0.959864603481625,0.925368460507015,0.903349807365815,0.929656081499262,0.875679877851521,0.979562377516019,0.941836132773794,0.922126486035678,0.0401353965183751,0.074631539492985,0.096650192634185,0.070343918500738,0.124320122148479,0.020437622483981,0.058163867226206,0.077873513964322,-0.0530247835685908,-0.0530247835685908,0.453987104701198,"Oceania","Australia"
"6","BEL",0.150028394310858,0,0.850055260781248,0.0737975724904721,0,0.291024587991595,0.698908470531673,0.160574898999608,0,0.0585657821708991,0.0000128508235988539,0.0000955648544750665,0.576285605213806,0,0,0,0.139756597896386,0.117073537137527,0.941489361702128,0.833206380997887,0.825734321932652,0.826848438801367,0.75151156101548,0.819791113837445,0.861130142675163,0.914222707725211,0.058510638297872,0.166793619002113,0.174265678067348,0.173151561198633,0.24848843898452,0.180208886162555,0.138869857324837,0.085777292274789,-0.24178217489741,-0.24178217489741,0,"Europe","Belgium"
"7","BEN",0.434805256952953,0.543658106749502,0.406416976488711,0.63447766301896,0.70987871920962,0.0970010300998664,0.00128253526858682,0.127613781463717,0.664334940600547,0.209821827751405,0.000936947871438987,0.00354784522238684,0.681910742642881,0.412436843531942,0.631004946903035,0.517464007447153,0.346004466735064,0.776012962661913,0.17311411992263,0.472828573330045,0.329060104121341,0.406239469554805,0.631621675985227,0.45840433670832,0.386466966509636,0.625178887100942,0.82688588007737,0.527171426669955,0.670939895878659,0.593760530445195,0.368378324014773,0.54159566329168,0.613533033490364,0.374821112899058,0.0979821185108103,0.0979821185108103,0.817179167180489,"Africa","Benin"
"8","BGD",0.677253983063992,0.746952033124014,0.303010977795035,0.627006599141604,0.877358852670085,0.394272651570946,0.000744400957086907,0.520131113009649,0.767469428514068,0.409485146353503,0.10074640676524,0.0937768877045161,0.795985947172433,0.797960209640343,0.723858021668866,0.554879270586815,0.310961557725653,0.977099274477408,0.307543520309478,0.349892716845864,0.192240628410506,0.362087492765897,0.433544352547481,0.346481145795281,0.394583125109049,0.370419556446971,0.692456479690522,0.650107283154136,0.807759371589494,0.637912507234103,0.566455647452519,0.653518854204719,0.605416874890951,0.629580443553029,0.105087271250439,0.105087271250439,0.834268022340097,"Asia","Bangladesh"
"9","BGR",0.288295963655181,0.609766834867291,0.599796583818333,0.267310184584237,0.516423764266582,0.0699935519225106,0.123559048346916,0.0528621999657964,0.449381089225768,0.0721056721423443,0.000824945473095368,0.00146575824093514,0.620870095075126,0,0.86384389867243,0.712221144663013,0.75887742159865,0.67857709545524,0.717601547388782,0.599460143912264,0.389868168397607,0.609039366831152,0.75311425363415,0.668782707387062,0.536458939565123,0.639497427658491,0.282398452611218,0.400539856087736,0.610131831602393,0.390960633168848,0.24688574636585,0.331217292612938,0.463541060434877,0.360502572341509,-0.0246777045373522,-0.0246777045373522,0.522165671090207,"Europe","Bulgaria"
"10","BHR",0.373196506092672,0.677743028320984,0.500228738235379,0.284992098796296,0.593192257600079,0.0685963964222751,0.08184246733002,0.0643600293966392,0.590992204301393,0.208352540540779,0.00172256616595488,0.00326405634710447,0.777104141870959,0.311666697083116,0.825406892568277,0.72854304000714,0.7268110779174,0.610098786445646,0.79110251450677,0.488111398362714,0.390982034360724,0.586771691355601,0.475806352935688,0.638797755829261,0.639212146683757,0.197098409011254,0.20889748549323,0.511888601637286,0.609017965639276,0.413228308644399,0.524193647064312,0.361202244170739,0.360787853316243,0.802901590988746,0.00724071177958641,0.00724071177958641,0.598933787604021,"Asia","Bahrain"
"11","BHS",0.0776413895278767,0.544847398690881,0.688234615714389,0.214272883943735,0.356091331134309,0.0085871867035192,0.000102183902236179,0.0113008658261914,0.162889654347621,0.123893973016286,0.00119726458108105,0.00199782202530984,0.737187117715115,0.0616553777913547,0.718644054874086,0.751641753331349,0.606327148768881,0.473546412323437,0.74274661508704,0.691652105393236,0.726282415957124,0.673731596454824,0.852691782398594,0.571031610918506,0.565862810573635,0.760312416056732,0.25725338491296,0.308347894606764,0.273717584042876,0.326268403545176,0.147308217601406,0.428968389081494,0.434137189426365,0.239687583943268,-0.0527295758224345,-0.0527295758224345,0.45469711933437,"Americas","Bahamas"
"12","BLZ",0.149175098689248,0.524509312066381,0.452690449567498,0.422504480156013,0.484097809395988,0.00970479226320026,0,0.0128085852461013,0.279910570835841,0.180482081928189,0.000372743100173657,0.00185931755716861,0.817017665600173,0.178243175410457,0.63279179698587,0.710287745263477,0.418309411085846,0.514799607316407,0.527562862669245,0.477647614653181,0.393367424954763,0.399485994462508,0.664212876910936,0.384836615272216,0.35190031812721,0.672082458191456,0.472437137330755,0.522352385346819,0.606632575045237,0.600514005537492,0.335787123089064,0.615163384727784,0.64809968187279,0.327917541808544,-0.00464871013323276,-0.00464871013323276,0.570338116765527,"Americas","Belize"
"13","BRA",0.267202758680249,0.510593837854901,0.475938009823136,0.370904418718638,0.508698945052885,0.0434753069430927,0.0136915980515881,0.0530007521206008,0.441063728863228,0.357232257815496,0.0598190499438923,0.130515440019655,0.796175802352922,0.6214776899215,0.436018866848405,0.49036900340833,0.357811878267482,0.364049138605599,0.614603481624758,0.489333375754377,0.31953364928015,0.434933642311108,0.582194368018507,0.464340981617926,0.478823712267843,0.656173901030727,0.385396518375242,0.510666624245623,0.68046635071985,0.565066357688892,0.417805631981493,0.535659018382074,0.521176287732157,0.343826098969273,0.0199936840430842,0.0199936840430842,0.629606414055794,"Americas","Brazil"
"14","BRB",0.192977950330837,0.463438324207894,0.729686892197625,0.21739316581175,0.375071440811221,0.00555588842380355,0.000167802729162252,0.00727910950023103,0.356400252402099,0.0986054074361324,0.000503054155947587,0.000503329757184556,0.713684496541005,0,0.626794399554737,0.660406084684437,0.628737091396642,0.341112154373505,0.68568665377176,0.741647273373916,0.799792900874899,0.646579730764306,0.863544871916193,0.660421172583806,0.635076841440315,0.844468122663979,0.31431334622824,0.258352726626084,0.200207099125101,0.353420269235694,0.136455128083807,0.339578827416194,0.364923158559685,0.155531877336021,-0.0352876192563094,-0.0352876192563094,0.49664738843925,"Americas","Barbados"
"15","BRN",0.287834154466917,0.532914757150998,0.697269201134921,0.20186211009296,0.448916499376687,0.123818194805337,0.00609068851103801,0.161469882551014,0.394793764586197,0.0799732291262916,0.000256921107153625,0.00000355139661900584,0.495190161622369,0.154884705286196,0.745395110870067,0.617310543995584,0.663765783094836,0.609055615585013,0.773694390715667,0.689008341444788,0.638209080415363,0.846445807584849,0.925102410266951,0.693732955628921,0.689520829746764,0.341038965025877,0.226305609284333,0.310991658555212,0.361790919584637,0.153554192415151,0.074897589733049,0.306267044371079,0.310479170253236,0.658961034974123,-0.0563610272183962,-0.0563610272183962,0.445962986628309,"Asia","Brunei"
"16","CAN",0.113562111316305,0.544588765538949,0.946738911497009,0.0347596917319788,0.279967274427977,0.00638153996317294,0.00380044934963046,0.00720702604440752,0.224418675099032,0.215792419204585,0.00902946154530357,0.0168016574045167,0.717747634462622,0.3758760478253,0.626373465561997,0.642729915955623,0.792386640855982,0.194216427572802,0.947775628626693,0.92966636711162,0.921004902867205,0.958607741113157,0.878896112613221,0.918911411773625,0.954734073484993,0.945843960817521,0.052224371373307,0.07033363288838,0.078995097132795,0.041392258886843,0.121103887386779,0.081088588226375,0.045265926515007,0.054156039182479,-0.0571885864758586,-0.0571885864758586,0.443972594471376,"Americas","Canada"
"17","CHL",0.316626655380598,0.53241869802741,0.789934901563607,0.153206435477082,0.439030376185644,0.0495351659698569,0.00867155627823119,0.0626041922382306,0.516627850732737,0.265918775400088,0.0275956395210395,0.0263775141063088,0.801286320187952,0.437331754080178,0.558735793022681,0.757924572185867,0.193002195107269,0.530199271255283,0.788684719535784,0.788192315688691,0.695074864917393,0.805617754248908,0.754348260488937,0.844983125067488,0.802483961793138,0.82664592761628,0.211315280464216,0.211807684311309,0.304925135082607,0.194382245751092,0.245651739511063,0.155016874932512,0.197516038206862,0.17335407238372,-0.00117433816008006,-0.00117433816008006,0.578694452173865,"Americas","Chile"
"18","CHN",1,1,0.454133857642028,0.405515050343512,1,1,1,1,0.694759840308419,1,1,1,0.828107665756226,1,0.497449857974772,0.613944148045467,0.392736618028094,0.340156186006461,0.569148936170213,0.468044921270122,0.35847001587078,0.658719638250087,0.603311437687418,0.505294179813951,0.49649665110299,0.185977604895507,0.430851063829787,0.531955078729878,0.64152998412922,0.341280361749913,0.396688562312582,0.494705820186049,0.50350334889701,0.814022395104493,0.106033518485786,0.106033518485786,0.836543875167276,"Asia","China"
"19","CIV",0.46467160267253,0.619879371001144,0.356771349860097,0.688046132623648,0.77313171480511,0.215408375172842,0.0446045189085401,0.270034975737577,0.595252116563142,0.261305141475092,0.00455641557784497,0.011474885330246,0.723801599258164,0.536822836855612,0.689195196548674,0.578152754445225,0.467604870588976,0.721229665480467,0.138781431334623,0.427052619536156,0.298708148390615,0.405142524228042,0.455837088119705,0.492495835831834,0.408672422369224,0.501459698277516,0.861218568665377,0.572947380463844,0.701291851609385,0.594857475771958,0.544162911880295,0.507504164168166,0.591327577630776,0.498540301722484,0.0984312768286338,0.0984312768286338,0.818259453800396,"Africa","Côte d’Ivoire"
"20","CMR",0.446313701428198,0.660964726237529,0.237749759012766,0.717012298350573,0.793039275602332,0.163730623853338,0.109751946263177,0.180994119679612,0.616611639646861,0.252556286015966,0.0025611585403133,0.0152732654413918,0.755024489400384,0.47357827821768,0.75706111540618,0.640802262378686,0.614803030468075,0.660089074399107,0.231624758220503,0.29252847514549,0.128052882667172,0.349681941525456,0.357949796411866,0.352660495656629,0.292492100255259,0.274333634356556,0.768375241779497,0.70747152485451,0.871947117332828,0.650318058474544,0.642050203588134,0.647339504343371,0.707507899744741,0.725666365643444,0.0917013009024844,0.0917013009024844,0.802072949717497,"Africa","Cameroon"
"21","COD",0.516754936584857,0.506598487417055,0.0723839911096165,0.978774509133268,0.859527453788927,0.126544740077358,0.0105395237144378,0.163645603935356,0.770131815467774,0.213856093063703,0.00045482384734941,0.000485895628327618,0.723801599258164,0.38802441230848,0.573646185477926,0.633835935449787,0.160583098007626,0.719378497826408,0.0454545454545454,0.14892737641364,0.0352962899723475,0.166905846897705,0.195047379190656,0.197659105686014,0.128803069893893,0.169852566841226,0.954545454545455,0.85107262358636,0.964703710027653,0.833094153102295,0.804952620809344,0.802340894313986,0.871196930106107,0.830147433158774,0.109738201575111,0.109738201575111,0.845454140019519,"Africa","Congo - Kinshasa"
"22","COG",0.59204883506637,0.630277339059841,0.230595966875316,0.690445902848971,0.826497637536293,0.418187181254292,0.0241619538040879,0.544204586148504,0.602837880612025,0.21655788466303,0.00287738148672534,0.00220218875802172,0.723801599258164,0.39321754931161,0.748903924021113,0.717135781608098,0.426275492619478,0.754409142357473,0.287234042553191,0.275103979677414,0.0732201369802293,0.248608184054452,0.563312124310461,0.223380454485929,0.287482868688249,0.254620109545165,0.712765957446809,0.724896020322586,0.926779863019771,0.751391815945548,0.436687875689539,0.776619545514071,0.712517131311751,0.745379890454835,0.033209811950823,0.033209811950823,0.661392992594289,"Africa","Congo - Brazzaville"
"23","COL",0.257736142500026,0.497545811239918,0.488897509644885,0.364939576851293,0.495408108160658,0.0363947330162832,0.00098477431638866,0.0477195690722077,0.432510106584675,0.210059610786141,0.00502018978246189,0.0151082869257271,0.705768820550671,0.373756384575518,0.564416916160796,0.549415965017008,0.28471162444138,0.659446865447478,0.612185686653772,0.503472678420447,0.350536278148603,0.522604843357321,0.481760144965491,0.611623393779824,0.448582622815155,0.605728787456285,0.387814313346228,0.496527321579553,0.649463721851397,0.477395156642679,0.518239855034509,0.388376606220176,0.551417377184845,0.394271212543715,-0.0043584897047998,-0.0043584897047998,0.571036136223742,"Americas","Colombia"
"24","COM",0.158556942069761,0.647493682208166,0.27471160307671,0.705308002039104,0.668161452538012,0.00127224957512664,0,0.00167914126293229,0.30383730673789,0.191207727225072,0.000444692999039793,0.000700270842420335,0.726831346631936,0.306562968414936,0.79902640345877,0.60930852982651,0.678961230670245,0.719378497826408,0.208413926499033,0.332445911902919,0.215481315310254,0.14649012591877,0.616030997509231,0.279626476987371,0.292163123310828,0.44488343238106,0.791586073500967,0.667554088097081,0.784518684689746,0.85350987408123,0.383969002490769,0.720373523012629,0.707836876689172,0.55511656761894,0.0718809375311641,0.0718809375311641,0.754402289947696,"Africa","Comoros"
"25","CPV",0.0635663003059578,0.491043177672283,0.630771804660349,0.364155949021139,0.397777131423031,0.000474241806058659,0.00185020051966035,0.000034181794034234,0.147757471068955,0.154998160686563,0.000207698032259487,0.000118164651141467,0.723801599258164,0.18534397964274,0.610121830369116,0.562716389091322,0.597041849185585,0.43396433660712,0.447775628626693,0.669427488412186,0.631104316217493,0.62050346208241,0.825208594759922,0.480910694962333,0.646820435508786,0.812017426942175,0.552224371373307,0.330572511587814,0.368895683782507,0.37949653791759,0.174791405240078,0.519089305037667,0.353179564491214,0.187982573057825,-0.00633992876748138,-0.00633992876748138,0.566270506772752,"Africa","Cape Verde"
"26","CRI",0.227847995516518,0.392683316118058,0.680427280716332,0.234882478417075,0.36567786355681,0.0294566126148131,0.00142456657108114,0.0384218398393887,0.390087700979913,0.189596402946456,0.00121845016549951,0.00277267219672929,0.698406021103898,0.326576621609504,0.433995149620575,0.537094600383028,0.148871127859522,0.521829944458404,0.700193423597679,0.687919867597386,0.574330724398433,0.634771375729673,0.76781412674093,0.64645649391974,0.654544423852408,0.849602060943132,0.299806576402321,0.312080132402614,0.425669275601567,0.365228624270327,0.23218587325907,0.35354350608026,0.345455576147592,0.150397939056868,-0.0369971895968637,-0.0369971895968637,0.492535640105967,"Americas","Costa Rica"
"27","CUB",0.0509005721321176,0.307262857727843,0.427604338692377,0.381601900925995,0.305199806148914,0.00769891706356941,0.000046857603423427,0.0101462037043357,0.119615239254403,0.123520088516724,0.000404626903679946,0.00168142487198022,0.50690357348509,0.291756559847622,0.377161326724758,0.316151766512329,0.394795875117046,0.372314365211386,0.651353965183753,0.431723708178119,0.472998638485868,0.48397174567037,0.804323920582362,0.201811097249696,0.440093182254853,0.187143664825564,0.348646034816247,0.568276291821881,0.527001361514132,0.51602825432963,0.195676079417638,0.798188902750304,0.559906817745147,0.812856335174436,-0.0920434138217699,-0.0920434138217699,0.360142011519182,"Americas","Cuba"
"28","CYP",0.0882179518870556,0.527137151071538,0.752253884490546,0.150509909305595,0.319068690600019,0.0165623519607796,0.00950235600779826,0.0188202844650399,0.172381770741339,0.195032127262022,0.000200409642843257,0.00019952391914051,0.51733575460839,0.530013067862572,0.622022907350333,0.471778437188708,0.737558759223248,0.410462891274126,0.840909090909091,0.742448148615333,0.597465553640011,0.766132611782771,0.780332783301327,0.770042112663436,0.718379054391087,0.822336775913367,0.159090909090909,0.257551851384667,0.402534446359989,0.233867388217229,0.219667216698673,0.229957887336564,0.281620945608913,0.177663224086633,-0.0597219236858681,-0.0597219236858681,0.437879575188224,"Asia","Cyprus"
"29","DEU",0.337252326140867,0.26297013300029,0.927409410284176,0.0340416561771284,0.24775862764978,0.156156044026772,0.156386845152161,0.156082229060516,0.444070441331808,0.0537130411626325,0.00334761341600696,0.0037457548703369,0.552539285902761,0,0.38323627779441,0.498847801429735,0.289402562335797,0.308323010990982,0.970986460348163,0.90838058809781,0.940169965013991,0.935256505367456,0.79388392725493,0.938199838717459,0.92212702180843,0.920646270424596,0.029013539651837,0.09161941190219,0.059830034986009,0.064743494632544,0.20611607274507,0.061800161282541,0.07787297819157,0.079353729575404,-0.130197198493134,-0.130197198493134,0.268376989156846,"Europe","Germany"
"30","DJI",0.237608406171555,0.561929987094302,0.284308547635225,0.765022559419165,0.690158583321137,0.022482574410431,0.00191466508683868,0.0290606165673538,0.413181139434679,0.179805968295708,0.000406352931098878,0.000653456977897076,0.704014918204177,0.290082877171282,0.687311924021857,0.57791797468395,0.429837352149893,0.755105357029568,0.10541586073501,0.352082265056136,0.241605600489106,0.325612051682293,0.631247136319762,0.374174254068249,0.328979081852298,0.210875465925109,0.89458413926499,0.647917734943864,0.758394399510894,0.674387948317707,0.368752863680238,0.625825745931751,0.671020918147702,0.789124534074891,0.0844957235046769,0.0844957235046769,0.784742559646401,"Africa","Djibouti"
"31","DNK",0.171486240247445,0.262271405226043,0.971184413261567,0.018768438850949,0.14319106189588,0.0785727016826544,0.135002900298212,0.0605251588052222,0.247889699264526,0.0567365396553543,0.000984472127262978,0.000877194964894444,0.56821415042989,0,0.379207391034003,0.439329902416781,0.521253776343373,0.127161642347238,0.967117988394584,0.95350297518999,0.992944309062396,0.996251215970672,0.871827020289271,0.921612549711552,0.969273878649791,0.96910887745626,0.032882011605416,0.0464970248100099,0.00705569093760405,0.00374878402932799,0.128172979710729,0.078387450288448,0.030726121350209,0.03089112254374,-0.139252013521055,-0.139252013521055,0.24659893199473,"Europe","Denmark"
"32","DOM",0.201372896905855,0.471601898873063,0.470684596025344,0.391356422782666,0.468968794474141,0.00632452431722415,0.0000627559421730712,0.0083271671575796,0.369495941351759,0.149072077043538,0.00147543082152858,0.00301513572953596,0.675266133948009,0.209246049085629,0.58807416753468,0.451922614249246,0.420997266648212,0.672492090607749,0.579303675048356,0.484933824428878,0.233033989068544,0.446353322410675,0.668420775804812,0.518595876956585,0.451272450759749,0.591926531572902,0.420696324951644,0.515066175571122,0.766966010931456,0.553646677589325,0.331579224195188,0.481404123043415,0.548727549240251,0.408073468427098,-0.0163880132278193,-0.0163880132278193,0.542103502027516,"Americas","Dominican Republic"
"33","DZA",0.40798477808759,0.484552222570481,0.335977301582599,0.462098630300229,0.601370928814857,0.185023966078078,0.00108929996061646,0.243850070802895,0.532017758302421,0.254788804532034,0.00506544306573688,0.0115326762388644,0.721389317503791,0.516160873405539,0.500991454590904,0.504988255928053,0.363878435758381,0.485730569081839,0.582688588007737,0.349919259637007,0.262678592177077,0.435783895961561,0.486074338388082,0.245971497561233,0.36320195397436,0.305805279759727,0.417311411992263,0.650080740362993,0.737321407822923,0.564216104038439,0.513925661611918,0.754028502438767,0.63679804602564,0.694194720240273,-0.00982769332640272,-0.00982769332640272,0.557881960380808,"Africa","Algeria"
"34","ECU",0.294563214032185,0.597793733837809,0.439585743287429,0.384752843765672,0.567169162672728,0.0816293667995222,0.00354590023453285,0.106602071936549,0.448095691033751,0.270850489785593,0.00689581402497882,0.0564032811030509,0.840625639386273,0.405700634116891,0.647871176619869,0.632925497700829,0.416498590583016,0.627014451018934,0.627176015473888,0.449797107059409,0.282262731048896,0.479963538428062,0.644313462785251,0.33179487709673,0.39692381000838,0.563524222989135,0.372823984526112,0.550202892940591,0.717737268951104,0.520036461571938,0.355686537214749,0.66820512290327,0.60307618999162,0.436475777010865,0.0126148455769386,0.0126148455769386,0.611859307636699,"Americas","Ecuador"
"35","EGY",0.335719170679412,0.416814611650839,0.32809190889162,0.498067516847051,0.555288610913107,0.23921023099098,0.000524549134912961,0.315546841231775,0.358484235234112,0.228949194579432,0.00627221528746791,0.0259145411288857,0.723801599258164,0.408909945702258,0.429364494858234,0.38668157663122,0.269006757776996,0.541960697023431,0.519825918762089,0.349108092029458,0.275669734597855,0.40168479861783,0.404395663887457,0.337122990573472,0.447536657347977,0.228238707152158,0.480174081237911,0.650891907970542,0.724330265402145,0.59831520138217,0.595604336112543,0.662877009426528,0.552463342652023,0.771761292847842,-0.0419132677770557,-0.0419132677770557,0.480711805903775,"Africa","Egypt"
"36","ERI",0.139981000484666,0.40859326861392,0.0908918813446156,0.924752131891031,0.652231322489606,0.0134930831708784,0.000032231043592831,0.017798141666047,0.260938149450567,0.168489833773613,0.000493003388673791,0.000424553323090245,0.577393103480672,0.377761018177797,0.47799429608651,0.478593650109578,0.106233984680131,0.719378497826408,0.100096711798839,0.155921130202914,0.0844416782268161,0.125045474096043,0.527586137080769,0.0236979651289686,0.174755526684886,0,0.899903288201161,0.844078869797086,0.915558321773184,0.874954525903957,0.472413862919231,0.976302034871031,0.825244473315114,1,0.0334676982072633,0.0334676982072633,0.662013243987251,"Africa","Eritrea"
"37","ESP",0.272748847463116,0.332881521502595,0.753622252485558,0.138050599334559,0.307288905422006,0.0785689112229457,0.174896423704641,0.0477613834374511,0.415129536833009,0.0752056861990112,0.0170456078934461,0.0072006180721534,0.609622020902702,0,0.462338016391337,0.510162204420867,0.442478243241427,0.317259812062841,0.872823984526112,0.740687309448505,0.590525739593833,0.785794800062835,0.716838527827379,0.753492640048155,0.768439866336853,0.829032282821977,0.127176015473888,0.259312690551495,0.409474260406167,0.214205199937165,0.283161472172621,0.246507359951845,0.231560133663147,0.170967717178023,-0.0972424013469659,-0.0972424013469659,0.347637742005149,"Europe","Spain"
"38","EST",0.103993878501952,0.262392324342616,0.849079374808579,0.102014799363157,0.152628979512113,0.00753992155185515,0.00907610808609761,0.00704861737386789,0.207458276579452,0.0663599782735556,0.000433054260703925,0.00061632874051656,0.602265790041045,0,0.369757941007098,0.514798744389369,0.485438184146847,0.0668028585730422,0.862185686653772,0.840535335671124,0.824695416620439,0.831735315709433,0.79279934894051,0.895342794323406,0.831561016510879,0.86707812192208,0.137814313346228,0.159464664328876,0.175304583379561,0.168264684290567,0.20720065105949,0.104657205676594,0.168438983489121,0.13292187807792,-0.11864008795322,-0.11864008795322,0.296173406111916,"Europe","Estonia"
"39","FJI",0.148379114417575,0.63568081403215,0.575670674389507,0.339784310516182,0.497105476405832,0.0034287503513902,0.0045570167323881,0.00306790746251525,0.28487203803132,0.222390357936979,0.00404566875711803,0.00230356498878243,0.783897233065319,0.351997613802389,0.750846424838824,0.753911630948882,0.578498484951066,0.56966668773493,0.570599613152805,0.595214075163906,0.52954228627887,0.60605265966884,0.824178880267466,0.485876841711065,0.513437174812912,0.612196608244284,0.429400386847195,0.404785924836094,0.47045771372113,0.39394734033116,0.175821119732534,0.514123158288935,0.486562825187088,0.387803391755716,0.0192616233345478,0.0192616233345478,0.627845708850057,"Oceania","Fiji"
"40","FRA",0.277978449437327,0.273663330191222,0.827343532918964,0.103383419035164,0.259241883407683,0.120965249335522,0.158969611545675,0.108810669459063,0.381369930344936,0.0747030895137569,0.00721252814126981,0.00661528333849362,0.618304466514288,0,0.377632500600748,0.46251203297492,0.391974666006977,0.229807739024759,0.882011605415861,0.817266297534052,0.775012347000145,0.901586431764167,0.684781220331612,0.80582271326859,0.877901229319001,0.858493843520795,0.117988394584139,0.182733702465948,0.224987652999855,0.098413568235833,0.315218779668388,0.19417728673141,0.122098770680999,0.141506156479205,-0.11553692432408,-0.11553692432408,0.303636935150379,"Europe","France"
"41","GAB",0.261380937970521,0.566591296977847,0.343673871725531,0.499319512915917,0.589398811062382,0.0605193918749332,0.0102371072577198,0.0766007048929281,0.414404858086527,0.18355354092933,0.000934012111081037,0.00127947134555638,0.697966032180437,0.307922204952612,0.690271435952056,0.718032434442846,0.490068199038529,0.561244901321945,0.502417794970986,0.364338061740644,0.206355839626172,0.34662470261817,0.606274128087768,0.333204973567584,0.379261186551999,0.314307539992172,0.497582205029014,0.635661938259356,0.793644160373828,0.65337529738183,0.393725871912232,0.666795026432416,0.620738813448001,0.685692460007828,0.0111644986708138,0.0111644986708138,0.608371026790642,"Africa","Gabon"
"42","GBR",0.207950834424095,0.213686362582353,0.886166852046493,0.0579135780454021,0.15922149888072,0.075003453849834,0.0950811171935012,0.0685822024815359,0.311680530929773,0.0636534448530966,0.00761712574613674,0.00532386638612786,0.581025814888334,0,0.302382241654002,0.388990610266242,0.297829158934189,0.232587104921147,0.945357833655706,0.870693719379666,0.908694097858533,0.868028908817751,0.671485095218331,0.941098099760833,0.92403002332809,0.91082609129446,0.054642166344294,0.129306280620334,0.091305902141467,0.131971091182249,0.328514904781669,0.058901900239167,0.07596997667191,0.08917390870554,-0.137956574150555,-0.137956574150555,0.249714639226054,"Europe","United Kingdom"
"43","GHA",0.508762548267635,0.585858930783819,0.507812298952488,0.488968150587734,0.697946585144229,0.166527714398551,0.087984605339294,0.191647422697485,0.716949344650469,0.23243115755782,0.0144817033077526,0.0129070667304196,0.73213962138854,0.417396609546607,0.669117710785399,0.657439822495344,0.467788111966012,0.597765783635354,0.327852998065764,0.556988136798504,0.399475511498906,0.492338592071157,0.667343261785158,0.517934319867849,0.560021471786161,0.70481566378179,0.672147001934236,0.443011863201496,0.600524488501094,0.507661407928843,0.332656738214842,0.482065680132151,0.439978528213839,0.29518433621821,0.0811770733750867,0.0811770733750867,0.776760756373731,"Africa","Ghana"
"44","GIN",0.433367322420618,0.755797223562134,0.237080068584977,0.865303574871926,0.878533855964661,0.0652705957626083,0.030048374634221,0.0765353894661292,0.693690613969259,0.272854983595642,0.00526429907155926,0.0090450843343698,0.771815131477064,0.530424375062535,0.87321538809559,0.744277765294929,0.640784098183563,0.78514850579408,0.00822050290135392,0.31930642633399,0.156387641511834,0.308226823701861,0.467834263282084,0.357571617948771,0.261861001200441,0.363957210358951,0.991779497098646,0.68069357366601,0.843612358488166,0.691773176298139,0.532165736717916,0.642428382051229,0.738138998799559,0.636042789641049,0.173994813863217,0.173994813863217,1,"Africa","Guinea"
"45","GMB",0.631405719021196,0.738801327880128,0.373645643894542,0.713239335603756,0.888951539496864,0.306175970520557,0.0422645895734881,0.390580280275572,0.779847316061677,0.188196447815748,0.00192893673223423,0.00120037205722398,0.723801599258164,0.29720741221996,0.933418800224623,0.739224157788632,0.734384947158111,0.828518338133515,0.0802707930367505,0.449248053210087,0.308165360363231,0.392325642694506,0.654259967807943,0.391166495504996,0.443251616482581,0.506319236407267,0.91972920696325,0.550751946789913,0.691834639636769,0.607674357305494,0.345740032192057,0.608833504495004,0.556748383517419,0.493680763592733,0.126820546775445,0.126820546775445,0.886539495058656,"Africa","Gambia"
"46","GNB",0,0.554006320795388,0.198530430119784,0.858412387955856,0.626352611079053,0.0232979652288843,0.0147999126126802,0.0260158179518646,0.0199534683031691,0.206423168105381,0,0.00234747316516287,0.756630577231346,0.328115358972885,0.649293486952693,0.28011152734592,0.458144971066807,0.941298592103969,0.0647969052224371,0.271278264956891,0.0273422777284247,0.183107574465572,0.513370179169001,0.260924824415695,0.256625017163257,0.386299716799398,0.935203094777563,0.728721735043109,0.972657722271575,0.816892425534428,0.486629820830999,0.739075175584305,0.743374982836743,0.613700283200602,0.0453764512340438,0.0453764512340438,0.690655408774386,"Africa","Guinea-Bissau"
"47","GNQ",0.232263689753661,0.63586485055717,0.191602472402474,0.70340586179115,0.693017472144397,0.0391168014595714,0.00814738654645756,0.0490214599092284,0.38772006828955,0.18240737159431,0.000765182447008284,0.000861697961466055,0.683232356304292,0.319283615168486,0.791094218406711,0.738485894060376,0.532402947249838,0.719378497826408,0.314796905222437,0.228795276752808,0.020533395651915,0.229935909057133,0.649513223875644,0.17845936116491,0.214558019707485,0.0797717510597638,0.685203094777563,0.771204723247192,0.979466604348085,0.770064090942867,0.350486776124356,0.82154063883509,0.785441980292515,0.920228248940236,0.0499661225302262,0.0499661225302262,0.701694190189066,"Africa","Equatorial Guinea"
"48","GRC",0.154127446242591,0.249508179003819,0.626529577810771,0.200245057271259,0.230788921214138,0.0643433860991671,0.0542576589641029,0.0675690099209122,0.233450820617498,0.0883115942685175,0.00307128760107894,0.00395496441662015,0.672109799324741,0,0.3292675334538,0.463475422428244,0.481581246228207,0.0332609697768515,0.85348162475822,0.612933109046328,0.412295408961758,0.625107534286198,0.681139235269185,0.604090557159957,0.578868458708166,0.776097459892706,0.14651837524178,0.387066890953672,0.587704591038242,0.374892465713802,0.318860764730815,0.395909442840043,0.421131541291834,0.223902540107294,-0.130113286265402,-0.130113286265402,0.268578809435504,"Europe","Greece"
"49","GTM",0.395429093011489,0.437392924499773,0.361021836886812,0.549578247719989,0.613427829196827,0.117369620093398,0.000485986454660566,0.154751419936711,0.578936284831083,0.203441253070551,0.00200710303059628,0.00598926897083432,0.703088799092649,0.365708704199593,0.484482243032356,0.500237238956845,0.049160887983685,0.769024325745304,0.382495164410058,0.398888091477073,0.213802674086145,0.37815759657633,0.541627402245345,0.491383124148499,0.299194076184648,0.469163675621468,0.617504835589942,0.601111908522927,0.786197325913855,0.62184240342367,0.458372597754655,0.508616875851501,0.700805923815352,0.530836324378532,0.0264412857052532,0.0264412857052532,0.645113769769222,"Americas","Guatemala"
"50","GUY",0.248659068043893,0.516091321258667,0.465585041270474,0.439470592994767,0.534266950581634,0.114043818855562,0.000491051625534698,0.150360338834459,0.339870155972156,0.164150992122801,0.000364630854128101,0.00191161994373942,0.779008691271306,0.15980037790059,0.637010373867774,0.636386514504462,0.581942401190607,0.434311548588507,0.477756286266925,0.496015806801789,0.370153831950181,0.478006294607274,0.622236771392819,0.414075784414409,0.468957795928817,0.622664362517236,0.522243713733075,0.503984193198211,0.629846168049819,0.521993705392726,0.377763228607181,0.585924215585591,0.531042204071183,0.377335637482764,-0.00669676520923312,-0.00669676520923312,0.565412266775354,"Americas","Guyana"
"51","HND",0.254931397843214,0.512252069731484,0.349296242718144,0.581524416618542,0.598783857515497,0.0401362155990079,0.00091189213951977,0.0526809642768588,0.424136564622364,0.230266282516598,0.00247243944979053,0.00658816358249394,0.73330126545576,0.42708565442292,0.565370845588508,0.548375480257578,0.17826488887897,0.769024325745304,0.335589941972921,0.393568636914071,0.267918834768418,0.393006441044151,0.539507013458252,0.428606353429322,0.305647228450558,0.426725950333726,0.664410058027079,0.606431363085929,0.732081165231582,0.606993558955849,0.460492986541748,0.571393646570678,0.694352771549442,0.573274049666274,0.0440451689224256,0.0440451689224256,0.687453494412587,"Americas","Honduras"
"52","HRV",0.212855369825109,0.416837234226496,0.656250515280053,0.213471022429517,0.359388796547309,0.0743431261315805,0.124731308419844,0.0582279448514531,0.320440740094132,0.0927143470794926,0.00127163118781136,0.00332217010996092,0.689749357582596,0,0.565631893622041,0.603816804305545,0.483466820239912,0.408953076000013,0.787717601547389,0.648499974168667,0.464139695389081,0.65382789624911,0.829971800039525,0.639091671433921,0.618785187580749,0.685183594319615,0.212282398452611,0.351500025831333,0.535860304610919,0.34617210375089,0.170028199960475,0.360908328566079,0.381214812419251,0.314816405680385,-0.0796461099225344,-0.0796461099225344,0.389959207358206,"Europe","Croatia"
"53","HTI",0.240957633329095,0.662005049565938,0.212031067683813,0.770814776834009,0.734304697130633,0.00368697292224334,0.0000428396525941003,0.00485244199817425,0.437508017729748,0.259194268251072,0.00194062272570989,0.0142475575269753,0.796193122026813,0.456983478948398,0.751920037842009,0.514293088501889,0.552212214632949,0.837923989848624,0.178433268858801,0.271222858608317,0.0977746023977442,0.0811574951597166,0.522819784778888,0.255045133839237,0.304487445324427,0.366052690149889,0.821566731141199,0.728777141391683,0.902225397602256,0.918842504840283,0.477180215221112,0.744954866160763,0.695512554675573,0.633947309850111,0.102974433510753,0.102974433510753,0.829186361265048,"Americas","Haiti"
"54","IDN",0.271306330561596,0.875273696886148,0.485530167010579,0.420155202230619,0.691050566219292,0.0674424780329504,0.00211561898961685,0.0883353566432959,0.423873641233227,0.618495996017121,0.129284818360134,0.660113263723807,0.891968572149904,0.829026239924069,0.699487170573242,0.539718877498558,0.356676412527461,0.893143664074026,0.495164410058027,0.514438594530339,0.363636871512776,0.586771207266754,0.543369510151678,0.519940334649785,0.470164602313108,0.602749041287936,0.504835589941973,0.485561405469661,0.636363128487224,0.413228792733246,0.456630489848322,0.480059665350215,0.529835397686892,0.397250958712064,0.138899256137602,0.138899256137602,0.915590427863193,"Asia","Indonesia"
"55","IND",0.439637274378693,0.690228160346959,0.476433592982813,0.48720826419796,0.711550972051183,0.281017538721429,0.00980219162711551,0.367757807687145,0.488298549379283,0.477367142607707,0.0546862201579283,0.525520174677057,0.814027113677253,0.628700347484011,0.574356948157834,0.439735522234638,0.278985770835709,0.796633653808196,0.364603481624758,0.523329801018766,0.380751321843738,0.611743680764706,0.450260674677562,0.494120906766285,0.549419028110104,0.653683193950201,0.635396518375242,0.476670198981234,0.619248678156262,0.388256319235294,0.549739325322438,0.505879093233715,0.450580971889896,0.346316806049799,0.086760023053817,0.086760023053817,0.79018850689781,"Asia","India"
"56","IRL",0.167074603120802,0.222019626648608,0.899763005511559,0.0571987125679136,0.13946863672247,0.0451019069132003,0.053689946870973,0.0423552743800256,0.274074638231683,0.0665803210090097,0.00131828449913182,0.00149933508169665,0.601258617236105,0,0.311445966462493,0.468870815774468,0.414774237586134,0.0556221577792753,0.936170212765958,0.881757001414058,0.83546425638536,0.8870182620097,0.887567457412866,0.902843581207597,0.883508938717125,0.894139512751702,0.063829787234042,0.118242998585942,0.16453574361464,0.1129817379903,0.112432542587134,0.097156418792403,0.116491061282875,0.105860487248298,-0.134216312412062,-0.134216312412062,0.258710475550817,"Europe","Ireland"
"57","IRN",0.517138968830185,0.707500594258432,0.301679641292488,0.444952848260831,0.732637391393079,0.266753763721936,0.0244082528909165,0.344260862849355,0.630557024304829,0.336417833974176,0.0499189568383315,0.0470027342525424,0.709986261363805,0.729187013008437,0.740159286896958,0.812162155279062,0.563529209240044,0.502967896574356,0.658607350096712,0.305111810175938,0.178131082520451,0.439101671486175,0.373182484598297,0.23846864295216,0.382182181205426,0.219604798293122,0.341392649903288,0.694888189824062,0.821868917479549,0.560898328513825,0.626817515401703,0.76153135704784,0.617817818794574,0.780395201706878,0.0251121047606308,0.0251121047606308,0.641916909479805,"Asia","Iran"
"58","ISL",0.037160323855143,0.352984999040023,0.939897460005341,0.0282606857418706,0.122697609256222,0.0237627903413646,0.0797519304443871,0.00585630708469795,0.0808592304359897,0.0612325232193747,0.000222655968959674,0.000447153119756645,0.584935134978066,0,0.50523775306786,0.589618921985833,0.555139385955733,0.21914339670762,0.977272727272727,0.917640096840212,0.913171803359695,0.897986989144066,0.971598454041811,0.86204231484098,0.94287115557566,0.918169864079061,0.022727272727273,0.082359903159788,0.086828196640305,0.102013010855934,0.028401545958189,0.13795768515902,0.05712884442434,0.081830135920939,-0.138393254016378,-0.138393254016378,0.248664364974167,"Europe","Iceland"
"59","ISR",0.30465237182581,0.294608157690908,0.723712209934855,0.134030963769747,0.301739279823892,0.150040754976465,0.0565405067044889,0.179944065280849,0.396346631770273,0.180299571790736,0.000322431326498769,0.000285726000710925,0.46624128649125,0.530013067862572,0.302173197083527,0.341758974225307,0.565187090860159,0.0120027528054555,0.915377176015474,0.7079373474468,0.6359171676939,0.835673136433422,0.455551985506972,0.822880524558828,0.774241569907717,0.72335970057996,0.084622823984526,0.2920626525532,0.3640828323061,0.164326863566578,0.544448014493028,0.177119475441172,0.225758430092283,0.27664029942004,-0.108125468372339,-0.108125468372339,0.321462491042334,"Asia","Israel"
"60","ITA",0.211301091812315,0.22268318506997,0.677222273126191,0.173413613118797,0.232763451881169,0.0793515873805341,0.115106504817915,0.0679164263964955,0.312865375640582,0.0750034890917266,0.0053934821475919,0.00881585782532488,0.618960518117648,0,0.30397758202564,0.40007783867674,0.347329846465576,0.175494881766618,0.865570599613153,0.663259728784671,0.491411864713074,0.643411562897785,0.72924853509414,0.690589163743133,0.600657884190358,0.824239362069539,0.134429400386847,0.336740271215329,0.508588135286926,0.356588437102215,0.27075146490586,0.309410836256867,0.399342115809642,0.175760637930461,-0.129619651281948,-0.129619651281948,0.269766068463296,"Europe","Italy"
"61","JAM",0.237806102478198,0.492491754897741,0.580523832573077,0.352265322391633,0.477646182688481,0.0105689408208884,0.0000596642099619963,0.0139300245118857,0.425421270136631,0.207958722648738,0.00108367154581013,0.004971309558132,0.764596535223421,0.321745698200696,0.559245603109225,0.58057677355566,0.526789701758971,0.374876653651692,0.537234042553192,0.603547743601358,0.386495988241302,0.663459545784276,0.76791995911952,0.600286931289502,0.488511525693308,0.714612511480241,0.462765957446808,0.396452256398642,0.613504011758698,0.336540454215724,0.23208004088048,0.399713068710498,0.511488474306692,0.285387488519759,0.014602250168435,0.014602250168435,0.616639284992879,"Americas","Jamaica"
"62","JPN",0.371617610952302,0.604271669673633,0.885797420038641,0.0657353155873436,0.458089242786647,0.200331247943765,0.0422871616204447,0.25087701057481,0.456649794182164,0.340470745116836,0.0425317650353246,0.0819178058309413,0.782994507048396,0.642649642017352,0.587571920006873,0.521794297883594,0.394427238515563,0.628089915686098,0.927949709864604,0.867660582398644,0.803307238738657,0.948855529250705,0.893971977857287,0.841697969723913,0.89974474084121,0.818386037980091,0.072050290135396,0.132339417601356,0.196692761261343,0.051144470749295,0.106028022142713,0.158302030276087,0.10025525915879,0.181613962019909,-0.0267465578492433,-0.0267465578492433,0.517189798524344,"Asia","Japan"
"63","KEN",0.27532765826171,0.622922908653638,0.352122137608273,0.631642416506948,0.675862304664393,0.00976931796959704,0.00315037830301649,0.0118861915650555,0.48818805779972,0.202353053883705,0.00226499950405267,0.00576940523469405,0.638988288610133,0.426012542119316,0.752526582002344,0.596681196669562,0.569929550764744,0.73914759863663,0.241779497098646,0.408515547704459,0.206143914482959,0.443788861744952,0.404575682364659,0.484252942487381,0.447829507233892,0.464502377912911,0.758220502901354,0.591484452295541,0.793856085517041,0.556211138255048,0.595424317635341,0.515747057512619,0.552170492766108,0.535497622087089,0.0870171813060616,0.0870171813060616,0.790807007342029,"Africa","Kenya"
"64","KHM",0.776278548617901,0.668335068952341,0.307678931427384,0.653164806028979,0.894076615150957,0.683007707020424,0.001690046895381,0.900907164862638,0.642274275554248,0.313891529824221,0.0071134713796967,0.0214436556397954,0.773433937201887,0.656298050141824,0.706330940363485,0.741819900687265,0.141073487880881,0.9216415608188,0.264023210831721,0.3535188247264,0.0819371321964389,0.405605700436624,0.684581879577762,0.420311766962811,0.284358517029552,0.244317952155215,0.735976789168279,0.6464811752736,0.918062867803561,0.594394299563376,0.315418120422238,0.579688233037189,0.715641482970448,0.755682047844785,0.0298092642240354,0.0298092642240354,0.653214214502399,"Asia","Cambodia"
"65","KOR",0.654997405396491,0.489393415292445,0.782400564438898,0.112948840287059,0.558317762411982,0.573851729907589,0.440094629346027,0.61663001293281,0.551133425053477,0.301781153301576,0.0252373476125121,0.0256317208163176,0.709986261363805,0.655604545907524,0.460965020936895,0.555272586134276,0.302287919607696,0.409331261004175,0.91247582205029,0.762859919960644,0.588060929527808,0.82949083777142,0.780696275378094,0.787876469520586,0.830613813825535,0.760421193740422,0.08752417794971,0.237140080039356,0.411939070472192,0.17050916222858,0.219303724621906,0.212123530479414,0.169386186174465,0.239578806259578,-0.0948692060022202,-0.0948692060022202,0.353345598401482,"Asia","South Korea"
"66","KWT",0.407936438579162,0.40987678027851,0.522320062047468,0.28941295977026,0.489303065467804,0.230567462735204,0.00177078097234307,0.30374136652492,0.486394428540747,0.117467819748772,0.00123615541560722,0.000545300808136443,0.578318646710566,0.199741546772194,0.530863134606638,0.516171263283873,0.640472702322872,0.263407801443489,0.75531914893617,0.514529005031977,0.353700624785747,0.521980441358324,0.685035336878832,0.528128731956229,0.592291298861847,0.406037596350882,0.24468085106383,0.485470994968023,0.646299375214253,0.478019558641676,0.314964663121168,0.471871268043771,0.407708701138153,0.593962403649118,-0.0792704704977349,-0.0792704704977349,0.39086267107783,"Asia","Kuwait"
"67","LBN",0.304647854554624,0.454627064090133,0.335094910612523,0.449351082474399,0.536276538807196,0.026018042457368,0.000193391379760935,0.0342772991860754,0.52036188397803,0.149373832125101,0.00100325910302699,0.00110932716208219,0.63159194039886,0.256340484926451,0.563347592994557,0.494918698852703,0.653297896948627,0.34301476960086,0.609284332688588,0.34640671725422,0.138762184056462,0.388275973242473,0.298770152496337,0.457814299925792,0.365733426915193,0.429084266889066,0.390715667311412,0.65359328274578,0.861237815943538,0.611724026757527,0.701229847503663,0.542185700074208,0.634266573084807,0.570915733110934,-0.0154038115177325,-0.0154038115177325,0.544470640509664,"Asia","Lebanon"
"68","LBR",0.237023842618109,0.687732518485118,0.294101731242874,0.774450102256207,0.744394853508875,0.0270682093528231,0.0188754963312488,0.029688408167764,0.407630092869476,0.206144179087911,0.00126124663859129,0.00446152271618562,0.737613246163024,0.342793765827782,0.841988972343717,0.555478372094423,0.54630900841697,1,0.0754352030947774,0.369320675954419,0.206410683125487,0.218692703546653,0.618421303976384,0.313164009640193,0.313543279170625,0.545692076267176,0.924564796905223,0.630679324045581,0.793589316874513,0.781307296453347,0.381578696023616,0.686835990359807,0.686456720829375,0.454307923732824,0.114402577960724,0.114402577960724,0.856672597297582,"Africa","Liberia"
"69","LBY",0.231450865073763,0.521625937550363,0.0724534079901615,0.654517567047557,0.624283123578066,0.0321767240659796,0.000473157027322399,0.0423161795266231,0.393317758891055,0.227162042338188,0.00210398185948526,0.00390266203004934,0.72582411662943,0.426894717288998,0.581962994900193,0.559737562831548,0.252905174625404,0.719378497826408,0.523694390715667,0.0918108469124184,0.022362299146503,0.0961683641645486,0.123483872501143,0.0127220219592383,0.128429253577798,0.167699270125279,0.476305609284333,0.908189153087582,0.977637700853497,0.903831635835451,0.876516127498857,0.987277978040762,0.871570746422202,0.832300729874721,-0.00298079927212101,-0.00298079927212101,0.574349668405466,"Africa","Libya"
"70","LCA",0.161592285464979,0.556688675572195,0.663407701742073,0.291499963677191,0.442694196296563,0.0149050968127123,0.000788630507340794,0.0194198342613553,0.29521735463496,0.139926972471567,0.000458016062658116,0.000323177092329532,0.737187117715115,0.119447248917141,0.719649280160512,0.662212627058704,0.626438974295008,0.545066351983818,0.582688588007737,0.68275155270434,0.570250116257203,0.590594274729618,0.883763521742403,0.602275370409938,0.673257729041485,0.776368304045394,0.417311411992263,0.31724844729566,0.429749883742797,0.409405725270382,0.116236478257597,0.397724629590062,0.326742270958515,0.223631695954606,-0.00585954800494649,-0.00585954800494649,0.56742588760315,"Americas","St. Lucia"
"71","LKA",0.424071350245699,0.758863505121407,0.499786424389066,0.352049067871478,0.677970464606227,0.0441508390574488,0.00604957487637374,0.0563364101853652,0.699457994478381,0.404493113329006,0.0422955494162682,0.126369668748323,0.902223567582084,0.700338184230255,0.745989282069797,0.678574289588965,0.344446917248361,0.868412677426421,0.631528046421664,0.509684986842627,0.341605364433873,0.486261122848921,0.62045454445422,0.501330420138721,0.549443864010782,0.559014605169242,0.368471953578336,0.490315013157373,0.658394635566127,0.513738877151079,0.37954545554578,0.498669579861279,0.450556135989218,0.440985394830758,0.0967593863657825,0.0967593863657825,0.814238330678997,"Asia","Sri Lanka"
"72","LTU",0.201331374074871,0.130131649748949,0.766283985674773,0.150812443388956,0.160828018569185,0.0322786815008603,0.0318533159634116,0.032414722184112,0.34347320886368,0.0193581167951601,0.000196143154169614,0.000135598779998405,0.44063900872694,0,0.226452023957589,0.477597831138082,0.19903682449598,0.0763947362507373,0.825918762088975,0.756710626488308,0.560202792428502,0.802801325338445,0.826433358612212,0.792088195358647,0.765750154556435,0.792987932635608,0.174081237911025,0.243289373511692,0.439797207571498,0.197198674661555,0.173566641387788,0.207911804641353,0.234249845443565,0.207012067364392,-0.132877721402026,-0.132877721402026,0.261929968322715,"Europe","Lithuania"
"73","LVA",0.0563377941652598,0.152804646877404,0.74100054878184,0.171210241104311,0.0994978789060163,0.0326045930840883,0.068431637516971,0.0211463643973679,0.103689181131128,0,0.0000778114266524267,0.0000468138645232589,0.373983192910506,0,0.27843395527163,0.314037030253571,0.362647393786447,0.190247220679279,0.799806576402321,0.734218902129842,0.51579592448016,0.795795107459252,0.753531487168292,0.809689818292932,0.765663077890635,0.764837997487778,0.200193423597679,0.265781097870158,0.48420407551984,0.204204892540748,0.246468512831708,0.190310181707068,0.234336922109365,0.235162002512222,-0.156368742701397,-0.156368742701397,0.205430878824291,"Europe","Latvia"
"74","MAR",0.590495632783216,0.561736682835021,0.436891426544364,0.487804291257809,0.720808067211909,0.536447821202127,0.0148990400411433,0.703249892107479,0.482012114036137,0.278217468446227,0.00942284521188774,0.0343491080990246,0.811361540631747,0.479937417859303,0.588622281450874,0.511984097620193,0.456563753355253,0.578065141890189,0.414893617021277,0.471991869131968,0.372853857942485,0.492574464361742,0.587725072612587,0.480500366446798,0.511154223508702,0.387143229919491,0.585106382978723,0.528008130868032,0.627146142057515,0.507425535638258,0.412274927387413,0.519499633553202,0.488845776491298,0.612856770080509,-0.013510908619969,-0.013510908619969,0.549023328486471,"Africa","Morocco"
"75","MDG",0.210192477541449,0.709621867377869,0.295067269430693,0.739892542931699,0.728691477559724,0.0206859631750787,0.00904532707081201,0.024408878996155,0.36970011405783,0.332110135098896,0.00535714359893269,0.0549523741570679,0.83618839810449,0.624718258344097,0.747519251884227,0.565488490694643,0.385860673742736,0.943437173346795,0.129110251450677,0.362905286318915,0.167138645992425,0.264126862259538,0.54653867162209,0.367806511495402,0.354219559119782,0.477601467424256,0.870889748549323,0.637094713681085,0.832861354007575,0.735873137740462,0.45346132837791,0.632193488504598,0.645780440880218,0.522398532575744,0.124650062124672,0.124650062124672,0.881319185350698,"Africa","Madagascar"
"76","MEX",0.304136267110825,0.585478177144826,0.451831453930481,0.373524993112624,0.560919970218596,0.0960955175322535,0.00133090784365104,0.126403196728454,0.44943951793891,0.321838746608666,0.0266023179231443,0.0708190456880718,0.784279837490533,0.604037598823409,0.579162261386602,0.608285862235361,0.307970548519412,0.609627887159718,0.63926499032882,0.459542731911151,0.20330107507422,0.506106659779696,0.534786700111664,0.57100231814934,0.386806049737318,0.555253588614671,0.36073500967118,0.540457268088849,0.79669892492578,0.493893340220304,0.465213299888336,0.42899768185066,0.613193950262682,0.444746411385329,0.0149877388325741,0.0149877388325741,0.617566437467787,"Americas","Mexico"
"77","MLT",0.109386244101828,0.247418968540725,0.812386608467408,0.116606282038506,0.155595206744198,0.0493472412548022,0.0857539351421483,0.0377036287019965,0.174556493997111,0.022554644126697,0.0000753688254444581,0,0.451936186751496,0,0.392018351929271,0.450879987559733,0.594499804863296,0.0704367694031835,0.869439071566731,0.796798353798409,0.581711646991463,0.777725038987305,0.945578741798486,0.8434360073611,0.788196232888727,0.844142454763373,0.130560928433269,0.203201646201591,0.418288353008537,0.222274961012695,0.054421258201514,0.1565639926389,0.211803767111273,0.155857545236627,-0.140793700345341,-0.140793700345341,0.242890966268002,"Europe","Malta"
"78","MMR",0.51734856502201,0.70965833098188,0.26484118190774,0.692121096365746,0.828871858763341,0.343895594920951,0.000409744639607142,0.453749463289841,0.55376134297864,0.427289338051326,0.059157164250376,0.135931319863639,0.848149512529635,0.806727130048994,0.652392515830955,0.643195577849929,0.373904010263128,0.66924606139039,0.238394584139265,0.32150761312916,0.275313055139617,0.284572112658125,0.372687763893223,0.363275322163024,0.303430815985956,0.329766608935017,0.761605415860735,0.67849238687084,0.724686944860383,0.715427887341875,0.627312236106777,0.636724677836976,0.696569184014044,0.670233391064983,0.0948812968431981,0.0948812968431981,0.809721270876859,"Asia","Myanmar (Burma)"
"79","MOZ",0.304633672515336,0.700697666510433,0.273581053625816,0.840402314588563,0.801218245021739,0.0371705896937103,0.0121248708514739,0.0451807278075384,0.509185914984578,0.31905013824277,0.00314871441483191,0.0400936535573856,0.808101261829484,0.624763317252766,0.747738358222923,0.626040197407034,0.3767340051416,0.892492238705284,0,0.358676758332518,0.224669843970113,0.331618456661825,0.488300185432236,0.369440197950195,0.300849648010932,0.437182217969807,1,0.641323241667482,0.775330156029887,0.668381543338175,0.511699814567764,0.630559802049805,0.699150351989068,0.562817782030193,0.157609685105815,0.157609685105815,0.960591544986068,"Africa","Mozambique"
"80","MRT",0.535225301610452,0.827847503607376,0.302708278600667,0.691289942231977,0.878495838522891,0.171601092226844,0.0911335690227415,0.197336267911064,0.755579426434287,0.249742372305541,0.018189091209718,0.00403955222700011,0.764439971398151,0.450049319238063,1,1,0.767940684504707,0.680078772572168,0.199226305609284,0.361883961154073,0.21788349205425,0.367356025320751,0.513804798350696,0.350024330229448,0.383963744696234,0.33827137627306,0.800773694390716,0.638116038845927,0.78211650794575,0.632643974679249,0.486195201649304,0.649975669770552,0.616036255303766,0.66172862372694,0.142804496538718,0.142804496538718,0.924983060227858,"Africa","Mauritania"
"81","MUS",0.222462832405271,0.578531908317382,0.721232375263968,0.221712405036448,0.44896301758808,0.00543020388170385,0.0133582769712255,0.00289464238220718,0.405220467562937,0.20894262017966,0.000906035321950395,0.00192711694716781,0.737314652984937,0.355647791195818,0.682063512213546,0.639818013118544,0.565527064365526,0.546015342467285,0.691489361702128,0.726098970584213,0.500333624730405,0.755284834246769,0.852850519962905,0.772309717617705,0.724465638985441,0.751349487962056,0.308510638297872,0.273901029415787,0.499666375269595,0.244715165753231,0.147149480037095,0.227690282382295,0.275534361014559,0.248650512037944,0.00536689695742906,0.00536689695742906,0.594427009035676,"Africa","Mauritius"
"82","MYS",0.449467052850132,0.599529776845186,0.653299842664227,0.251725732911941,0.577671262393373,0.31428833653785,0.0226631746691347,0.407556085758791,0.471261713345193,0.298455917633979,0.0137306913419201,0.0170754377984182,0.736582875962385,0.637585507108472,0.622763713409708,0.562307199925295,0.416540907343585,0.642575226744209,0.693423597678917,0.65751703505493,0.51196380381502,0.803515356387419,0.713006555049342,0.693111489428182,0.688147141908247,0.535357863741369,0.306576402321083,0.34248296494507,0.48803619618498,0.196484643612581,0.286993444950658,0.306888510571818,0.311852858091753,0.464642136258631,-0.0156830874239101,-0.0156830874239101,0.543798944110568,"Asia","Malaysia"
"83","NAM",0.0487351176885134,0.700050824786323,0.571055040444456,0.436621588317534,0.525652962986772,0.0167131383939558,0.0131935093170869,0.017838788457855,0.107024751705913,0.16639227868246,0.0000209136385539062,0.00595569213007281,0.518515458761436,0.424334658875087,0.899465487526847,0.687015516292448,0.744080136748265,0.796633653808196,0.362669245647969,0.616347435486487,0.518778823327608,0.568997062306833,0.804641549761024,0.524253493880683,0.600244246794972,0.681169436847801,0.637330754352031,0.383652564513513,0.481221176672392,0.431002937693167,0.195358450238976,0.475746506119317,0.399755753205028,0.318830563152199,0.0362381574172815,0.0362381574172815,0.668676573812879,"Africa","Namibia"
"84","NGA",0.664336943942269,0.697728259002704,0.223264449472928,0.774510767982844,0.907861020925144,0.408681042125533,0.197825232388652,0.476117084537988,0.731728439259297,0.369543682090962,0.0629621573715884,0.13821325361847,0.826864966943761,0.62247126187479,0.692972181197288,0.597738868916156,0.413515994995997,0.764008515034079,0.152321083172147,0.292353161991641,0.155555415670973,0.295720920843486,0.1782130107144,0.333556257050367,0.338664781089773,0.452408586580845,0.847678916827853,0.707646838008359,0.844444584329027,0.704279079156514,0.8217869892856,0.666443742949633,0.661335218910227,0.547591413419155,0.109403469166353,0.109403469166353,0.844649063216795,"Africa","Nigeria"
"85","NIC",0.238014680575687,0.544261214856084,0.291414630873089,0.582064244627081,0.605596456161966,0.0355507354706772,0.0000429623027014509,0.0469068546134955,0.400783943968314,0.233894974878509,0.00270482156477291,0.00803487342338169,0.764969534443823,0.40627179634385,0.60779960242648,0.575458523712841,0.149922256181668,0.863253353918264,0.404255319148936,0.32403404731985,0.150711037706676,0.349000005567022,0.484409365538301,0.378622205986753,0.301771526906062,0.279690142214286,0.595744680851064,0.67596595268015,0.849288962293324,0.650999994432978,0.515590634461699,0.621377794013247,0.698228473093938,0.720309857785714,0.0329154682440774,0.0329154682440774,0.660685056092986,"Americas","Nicaragua"
"86","NLD",0.343789224755263,0.166964521747099,0.972523017150365,0.0210630086298578,0.189734765889535,0.222433100536073,0.55157801185662,0.117165760606696,0.388589127838426,0.0470341722425358,0.00153581871520685,0.00160135702093355,0.533426666221114,0,0.251774201494473,0.376416979825123,0.236308944975699,0.195789152113674,0.959381044487428,0.955004619505284,0.95654747713346,0.991128345749809,0.851850383078439,1,0.965320347107849,0.965181163962148,0.040618955512572,0.044995380494716,0.04345252286654,0.00887165425019099,0.148149616921561,0,0.034679652892151,0.034818836037852,-0.159048360923377,-0.159048360923377,0.198986033884779,"Europe","Netherlands"
"87","NOR",0.304024791134798,0.42224435198967,0.994286625792197,0,0.29797627179369,0.0693408177340582,0.113044537012936,0.0553634657675643,0.476010114225542,0.107011974870126,0.0253525094760199,0.00481085100180056,0.713563802611787,0,0.559114481476836,0.77671825801724,0.486819133939769,0.218418424688534,1,0.972126006192718,0.977761236425841,1,0.914683125666542,0.940311675063927,1,1,0,0.027873993807282,0.022238763574159,0,0.085316874333458,0.059688324936073,0,0,-0.0818029140385558,-0.0818029140385558,0.384771801190177,"Europe","Norway"
"88","NZL",0.0679513272987167,0.426706252712228,1,0.0120041479727683,0.175128503144591,0.0257221236519413,0.0104764609219558,0.0305980014366144,0.129751498165555,0.181079906330206,0.00075466615289359,0.000680576733896757,0.569242985843686,0.428879558330927,0.491466707914261,0.444710404681752,0.537129382600931,0.351886950272566,0.957446808510638,0.981633282416585,1,0.947508309990166,1,0.990943824509892,0.979244482143591,0.972103077855862,0.042553191489362,0.018366717583415,0,0.052491690009834,0,0.00905617549010795,0.0207555178564089,0.027896922144138,-0.0956417307982817,-0.0956417307982817,0.35148757158195,"Oceania","New Zealand"
"89","OMN",0.272065783867,0.525643778579106,0.580083692664119,0.268623504772927,0.469924081412759,0.106635208208603,0.00147351174860163,0.140268090468247,0.385935154576003,0.230627305484644,0.00302776119613114,0.00815981801352307,0.789545683743035,0.369961233234869,0.584278939229107,0.660474862490709,0.566170562653947,0.310450482622666,0.740812379110251,0.57341669763793,0.494156400231124,0.588393582627794,0.804820621930828,0.607539085743956,0.651328953014611,0.294261542279266,0.259187620889749,0.42658330236207,0.505843599768876,0.411606417372206,0.195179378069172,0.392460914256044,0.348671046985389,0.705738457720734,-0.0314523518722839,-0.0314523518722839,0.505871726215754,"Asia","Oman"
"90","PAK",0.567341201563918,0.742067296572997,0.25129770914484,0.734787798296538,0.874823252594199,0.235207653795813,0.000741238310741024,0.310194855517588,0.745012543629656,0.376186896095991,0.0491657404390924,0.0607824759885232,0.763749399570442,0.799759683971195,0.750127702288624,0.695407755532571,0.447335256488025,0.75775893443677,0.182301740812379,0.316824705605385,0.222216417012029,0.389814891686331,0.161765968057064,0.388256310581467,0.386966170436543,0.351928475858876,0.817698259187621,0.683175294394615,0.777783582987971,0.610185108313669,0.838234031942936,0.611743689418533,0.613033829563457,0.648071524141124,0.139374404588593,0.139374404588593,0.916733224275297,"Asia","Pakistan"
"91","PAN",0.23876934367432,0.621279655279136,0.56652795716794,0.290006161702656,0.509327901578121,0.0780376911725696,0.00408705500387685,0.101688631800305,0.359543320718099,0.223009142894379,0.00251474564829457,0.00786634351109795,0.795092555530232,0.338907719072511,0.72950604187859,0.609003842966074,0.554202015653283,0.692110125744746,0.701160541586074,0.567433823966288,0.280891040313775,0.538525121669681,0.721757609741949,0.628584435545569,0.52956942819114,0.705275308335614,0.298839458413926,0.432566176033712,0.719108959686225,0.461474878330319,0.278242390258051,0.371415564454431,0.47043057180886,0.294724691664386,-0.00897617880157905,-0.00897617880157905,0.559929968201928,"Americas","Panama"
"92","PER",0.477745335383892,0.537627616202609,0.501221874440206,0.355113548008134,0.608266397863798,0.131007591763218,0.0265648030983129,0.164410552463568,0.701244279453527,0.148530957419712,0.0889935102546101,0.0264775989201171,0.766590745782224,0.0050718675295452,0.683618640417518,0.765684005916844,0.508048026485457,0.481035967864006,0.62330754352031,0.511802510496719,0.287952186750115,0.483828189122862,0.603699115620718,0.655373764247199,0.423194105922677,0.616767701316742,0.37669245647969,0.488197489503281,0.712047813249885,0.516171810877138,0.396300884379282,0.344626235752801,0.576805894077323,0.383232298683258,0.00905089070500015,0.00905089070500015,0.603287513217383,"Americas","Peru"
"93","PHL",0.318757131022033,0.822689058947743,0.439702319697109,0.440305454754817,0.697196146499956,0.0840765848485255,0.000305171372326416,0.110868412871579,0.485604930286331,0.518416537469064,0.0745029541687235,0.354479747837926,0.907895053298067,0.827840704284869,0.723903430959816,0.580374041991533,0.499670611920865,0.762994949230928,0.50531914893617,0.466918724299861,0.286716778569962,0.555216843968241,0.413877884091868,0.546862985656882,0.432352048078958,0.566485805433256,0.49468085106383,0.533081275700139,0.713283221430038,0.444783156031759,0.586122115908132,0.453137014343118,0.567647951921042,0.433514194566744,0.115440873904767,0.115440873904767,0.859169839742716,"Asia","Philippines"
"94","PNG",0.156874950374782,0.597590232659975,0.343781320737577,0.665380131705684,0.629532676335007,0.00477113696342865,0.00110743665550312,0.00594286398228621,0.297560595925203,0.32144686852829,0.00486273555370095,0.0278248696556727,0.876048941204226,0.575648706681683,0.596981983272978,0.673903364641555,0.364073743329591,0.526953574262547,0.19294003868472,0.406302581239086,0.199850000013114,0.379286951651384,0.513976498125651,0.411478492215016,0.365399431678389,0.567824113750963,0.80705996131528,0.593697418760914,0.800149999986886,0.620713048348616,0.486023501874349,0.588521507784984,0.634600568321611,0.432175886249037,0.0886001551842837,0.0886001551842837,0.79461427402829,"Oceania","Papua New Guinea"
"95","POL",0.287196277356897,0.259649658119001,0.711058450465327,0.170548017509615,0.293206507373138,0.108890327128334,0.121218618246398,0.104947485032836,0.408668172853511,0.0412486893255526,0.00101001627442739,0.00165721080412337,0.513913557765414,0,0.390922851200696,0.479545703112451,0.351777971865769,0.282092437349249,0.834622823984526,0.700966142127601,0.597847359866466,0.703624300582383,0.780705452359144,0.738935305483376,0.642739611263557,0.741944823210681,0.165377176015474,0.299033857872399,0.402152640133534,0.296375699417617,0.219294547640856,0.261064694516624,0.357260388736443,0.258055176789319,-0.114728910470571,-0.114728910470571,0.305580317962203,"Europe","Poland"
"96","PRT",0.167999245065072,0.268740144742424,0.807122866505139,0.142124524620526,0.216667289337301,0.0633970314572115,0.0981898722410974,0.0522695624551489,0.257306567631891,0.063309839718572,0.00128889033777756,0.00229581648706823,0.589195288113486,0,0.381941857251428,0.411615671612602,0.421213819183796,0.260907563488103,0.801257253384913,0.802355786608525,0.652509490076107,0.835843051618636,0.911652081062012,0.740797061992689,0.808394395032076,0.86493863986963,0.198742746615087,0.197644213391475,0.347490509923893,0.164156948381364,0.088347918937988,0.259202938007311,0.191605604967924,0.13506136013037,-0.110898296113396,-0.110898296113396,0.314793464578598,"Europe","Portugal"
"97","QAT",0.317378248294216,0.616145426194918,0.634617919718534,0.225501202195755,0.513487228602138,0.136330941437819,0.0230194627684028,0.172570292352096,0.431073337280089,0.141054635839411,0.00137677423576825,0.000655716957563716,0.601402749435116,0.25787526825942,0.804072988462747,0.621335798320012,0.787271696731001,0.610098786445646,0.784816247582205,0.624255558410161,0.619740853318687,0.696020620248517,0.810054186001781,0.654674138045908,0.714013720847729,0.251029831998342,0.215183752417795,0.375744441589839,0.380259146681313,0.303979379751483,0.189945813998219,0.345325861954092,0.285986279152271,0.748970168001658,-0.0349855445770691,-0.0349855445770691,0.497373918977029,"Asia","Qatar"
"98","RUS",0.126284046078815,0.45416040220729,0.398122349900711,0.353753362287674,0.405490930765321,0.0045938114231159,0.00515540428341246,0.00441420242873841,0.247216785849835,0.108807846760644,0.0141237935999666,0.0506726183769278,0.685133692348791,0,0.603242106007007,0.628024900356142,0.681056423681856,0.269566472285177,0.748065764023211,0.389750979712693,0.207953566361814,0.528496301440189,0.549909154489744,0.412139980379588,0.353906217873345,0.286100657731479,0.251934235976789,0.610249020287307,0.792046433638186,0.471503698559811,0.450090845510256,0.587860019620412,0.646093782126655,0.713899342268521,-0.0733144618022829,-0.0733144618022829,0.405187679090433,"Europe","Russia"
"99","SAU",0.259119022513301,0.528272659959081,0.501177104672533,0.276915258972148,0.468957205546547,0.0573842215216738,0.00630510480813466,0.0737203778997378,0.413804456046771,0.228429656318359,0.00797696944782957,0.00812720973547584,0.697938378522493,0.449061258596432,0.590259243950216,0.579281090845579,0.449346244373134,0.521572552396065,0.808027079303675,0.488397830438988,0.523955331005829,0.621534305077148,0.54674223774851,0.525770767424603,0.576255926405813,0.136128414972025,0.191972920696325,0.511602169561012,0.476044668994171,0.378465694922852,0.45325776225149,0.474229232575397,0.423744073594187,0.863871585027975,-0.0366025587583575,-0.0366025587583575,0.493484780749085,"Asia","Saudi Arabia"
"100","SDN",0.278962892995388,0.611098299297294,0.101705069296215,0.887728426587789,0.775143671124818,0.0208058776916338,0,0.0274600270470261,0.483155118800959,0.243850519100757,0.0020372380010759,0.0132851290432247,0.736113082146875,0.464932024810616,0.694014874679848,0.790498800506434,0.477300262610494,0.509749054654453,0.134429400386847,0.165657147685053,0.05535180491766,0.15115601626829,0.256741339856839,0.161747319424437,0.283167834232793,0.0857785714102981,0.865570599613153,0.834342852314947,0.94464819508234,0.84884398373171,0.743258660143161,0.838252680575563,0.716832165767207,0.914221428589702,0.0983611590608362,0.0983611590608362,0.818090811067169,"Africa","Sudan"
"101","SEN",0.632118304172179,0.740734113768117,0.454877359913969,0.62727673811619,0.858796715291693,0.264234665855218,0.0913743992917086,0.319518948901303,0.822965461094408,0.315557693148533,0.0142506273202114,0.0324817191859037,0.87056445538371,0.546747240341555,0.808838609728003,0.736667550910807,0.412725501716073,0.879755607299108,0.129110251450677,0.527909006588842,0.423134147304236,0.478410097318801,0.641258232324188,0.51157831737739,0.494985424880926,0.61808782032751,0.870889748549323,0.472090993411158,0.576865852695764,0.521589902681199,0.358741767675812,0.48842168262261,0.505014575119074,0.38191217967249,0.15270211091203,0.15270211091203,0.948788164023561,"Africa","Senegal"
"102","SLB",0.132017736947666,0.761040777072435,0.435482409060061,0.578281371379259,0.651394466504684,0.0045690117887311,0.00242534759373602,0.00525459986786509,0.256710824155983,0.312349006380126,0.00162714539226971,0.0183155209269274,1,0.433018572303251,0.841266230957706,0.805480469772832,0.596919004094526,0.697804243436409,0.23936170212766,0.49502792567192,0.428315612142366,0.288060214843471,0.726876472553344,0.343066688722399,0.49038169921703,0.693466866552909,0.76063829787234,0.50497207432808,0.571684387857634,0.711939785156529,0.273123527446656,0.656933311277601,0.50961830078297,0.306533133447091,0.105263944536811,0.105263944536811,0.834692945534859,"Oceania","Solomon Islands"
"103","SLE",0.507639758751806,0.719469771618621,0.324519231203143,0.770848272423984,0.858002470285992,0.109506164146274,0.00984994709966822,0.141378280393894,0.772116598578312,0.27942611085119,0.0124498114784114,0.00966335020031491,0.79578598479232,0.521346416013404,0.814373268723992,0.814393964838025,0.412212723738885,0.814669457042238,0.0454545454545454,0.404156355748341,0.300524855698124,0.266589180178595,0.654185473609247,0.328167260563202,0.364540025876732,0.510931338564145,0.954545454545455,0.595843644251659,0.699475144301876,0.733410819821405,0.345814526390753,0.671832739436798,0.635459974123268,0.489068661435855,0.168818746836499,0.168818746836499,0.987550857390768,"Africa","Sierra Leone"
"104","SLV",0.479267823049755,0.460076287396753,0.425715877767429,0.4764676074539,0.627806352002236,0.307982087532615,0.00129604186425545,0.406066618420371,0.526784184863515,0.19061444816546,0.00155118344344523,0.00456451321813679,0.726659332711235,0.299715063734057,0.529947777595593,0.50202306843744,0.168311852978765,0.74771112512557,0.449709864603482,0.457205179238474,0.274575067793752,0.435005021211563,0.587072648679197,0.527404890399094,0.351710714960296,0.567462732386944,0.550290135396518,0.542794820761526,0.725424932206248,0.564994978788437,0.412927351320803,0.472595109600906,0.648289285039704,0.432537267613056,-0.0139330998480579,-0.0139330998480579,0.548007901371691,"Americas","El Salvador"
"105","STP",0.0802868605592443,0.601876638907171,0.44274410932629,0.541757202381935,0.543232689346533,0.0015754286673641,0.000925862521791476,0.00178317333514059,0.174270430031963,0.108049259283923,0.000110804526073403,0.0000393882170471558,0.601963184608436,0.145196565945177,0.816547234208863,0.626891066204031,0.695198996502173,0.723949652869882,0.299806576402321,0.494600842937093,0.477839318251502,0.388472513314259,0.778186668157284,0.341968979531821,0.383865539502441,0.597272038865253,0.700193423597679,0.505399157062907,0.522160681748498,0.611527486685741,0.221813331842716,0.658031020468179,0.616134460497559,0.402727961134747,0.026623714099447,0.026623714099447,0.64555253477817,"Africa","São Tomé & Príncipe"
"106","SUR",0.22472506856579,0.560963691876124,0.482975284412026,0.378849928543317,0.516038169035315,0.049237722283366,0.00126135106787126,0.0645815565752504,0.365149051198484,0.159935561507398,0.000425639165405628,0.00193906255397719,0.795154685301529,0.129005836245874,0.705791944008207,0.671213745990792,0.387656117426857,0.74448404291099,0.589458413926499,0.498965532261114,0.374144030936874,0.384620763587224,0.677780834326222,0.391210354247222,0.528466519045233,0.637570691423908,0.410541586073501,0.501034467738886,0.625855969063126,0.615379236412776,0.322219165673778,0.608789645752778,0.471533480954767,0.362429308576092,-0.00744270225632257,-0.00744270225632257,0.563618187095012,"Americas","Suriname"
"107","SVN",0.564060126798706,0.208418457569025,0.78911169348739,0.112110277566422,0.380547957074092,0.0868115194833747,0.0887477945684987,0.0861922587244441,0.887989955384084,0.0292224958813905,0.000222663397986751,0.000153032908855343,0.474666618214326,0,0.329233285989184,0.443442415029259,0.160775131925327,0.374025048799945,0.905705996131528,0.771720140700348,0.657856691916708,0.815728433902388,0.861230908248235,0.695948086320621,0.789248912645237,0.8103078111689,0.094294003868472,0.228279859299652,0.342143308083292,0.184271566097612,0.138769091751765,0.304051913679379,0.210751087354763,0.1896921888311,-0.0760191982252776,-0.0760191982252776,0.398682421473706,"Europe","Slovenia"
"108","SWE",0.131037069814656,0.276542221112403,0.974738910712194,0.0175055485063783,0.126731762123005,0.0242891310457126,0.0392808565141105,0.0194944676414444,0.235371124884586,0.0586184178795951,0.00160176351344267,0.00180540089940734,0.573168660208842,0,0.397859562537374,0.437995501715762,0.43670062039952,0.253919638023209,0.967117988394584,0.956940462907358,0.99078912477801,0.986410657893686,0.861840352220015,0.949864793767418,0.983818795038303,0.968919053746716,0.032882011605416,0.043059537092642,0.00921087522199004,0.013589342106314,0.138159647779985,0.050135206232582,0.016181204961697,0.031080946253284,-0.13029544648613,-0.13029544648613,0.268140689420082,"Europe","Sweden"
"109","SYR",0.372896895527286,0.363522844723588,0.0224622273479358,0.870957569779556,0.70762438207134,0.059275044337182,0.00390064063101338,0.0769849221989939,0.599818747018993,0.173026608636349,0.00125979363844268,0.00208434696111834,0.639421985321693,0.328975572133258,0.408606405998244,0.447242805687108,0.0948225366428645,0.610098786445646,0.246131528046422,0.0744227077875988,0.00292682261524548,0.138736232815754,0.0578508522708516,0.123728751254994,0.0675503972466303,0.0557431905221175,0.753868471953578,0.925577292212401,0.997073177384755,0.861263767184246,0.942149147729148,0.876271248745006,0.93244960275337,0.944256809477882,0.0305052634527158,0.0305052634527158,0.654888186962383,"Asia","Syria"
"110","TGO",0.478338860197622,0.623648772118608,0.288126087581815,0.735122044643967,0.797934299865037,0.114291060201656,0.0596997008380476,0.131750504311789,0.718941022234595,0.175235341184158,0.000485464418911123,0.00120037205722398,0.631001177839134,0.346683645622664,0.780688728082845,0.509806902219353,0.569916109920422,0.887743927708568,0.143617021276596,0.355042784889415,0.238791795874122,0.287200957140468,0.44471898851623,0.386839758214037,0.406051990902951,0.366653218688681,0.856382978723404,0.644957215110585,0.761208204125878,0.712799042859532,0.55528101148377,0.613160241785963,0.593948009097049,0.633346781311319,0.110190289541381,0.110190289541381,0.846541472840939,"Africa","Togo"
"111","THA",0.734386806691943,0.642190820781877,0.47177474320365,0.357490770512031,0.75811581654876,0.699016793803306,0.0181906169780379,0.916759065136454,0.557080624806141,0.287651903706698,0.0231948965053,0.0465946464955948,0.767854838889925,0.530013067862572,0.694952024114663,0.615143012677619,0.389526643065119,0.774931933863367,0.653288201160542,0.477099545553502,0.325013146965103,0.627939139382007,0.499429574703046,0.561962064140826,0.54874095458608,0.299512393543947,0.346711798839458,0.522900454446498,0.674986853034897,0.372060860617993,0.500570425296954,0.438037935859174,0.45125904541392,0.700487606456053,-0.0544036621794639,-0.0544036621794639,0.450670714789906,"Asia","Thailand"
"112","TLS",0.270585384431894,0.7651353936694,0.392689280193253,0.545676706197254,0.69705150059028,0.00331492699620559,0.000467693037364,0.00422553121548806,0.486810543675936,0.271074467618531,0.0026681879600452,0.0022519083106878,0.772362247321993,0.53311664443929,0.888432448337196,0.726168516154873,0.554826947155677,0.922558365876311,0.351547388781431,0.436321133308441,0.305399317590548,0.305398728250191,0.726385118942037,0.355770974197091,0.281284580622933,0.643688080247845,0.648452611218569,0.563678866691559,0.694600682409452,0.694601271749809,0.273614881057963,0.644229025802909,0.718715419377067,0.356311919752155,0.104154621232727,0.104154621232727,0.832024872663891,"Asia","Timor-Leste"
"113","TON",0.136492629096248,0.675588538553124,0.587082287649191,0.335496848335701,0.508177143184472,0.00000948384910518052,0.0000391374973762998,0,0.26866067409841,0.254704861848517,0.00107912971979063,0.00181702365197863,0.949636283239672,0.301325935586418,0.775954510242083,0.931849740495788,0.498290057509107,0.526953574262547,0.569148936170213,0.605331051941581,0.411018245233586,0.576963422004694,0.854302947769553,0.455607049563365,0.633335377822819,0.700759269255466,0.430851063829787,0.394668948058419,0.588981754766414,0.423036577995306,0.145697052230447,0.544392950436635,0.366664622177181,0.299240730744534,0.0302932954210886,0.0302932954210886,0.654378375122485,"Oceania","Tonga"
"114","TTO",0.277041986885899,0.528051696372289,0.566976051176212,0.278350965957711,0.478064410889223,0.0858556250763131,0.00261884666545352,0.112476465764532,0.41493297882783,0.163551212426911,0.00108202865970304,0.00304290119401183,0.77508837323729,0.15980037790059,0.654819746855297,0.632332598543377,0.586696931615038,0.472634642047701,0.72678916827853,0.566566913243516,0.346398990522907,0.589279392604042,0.715352803204593,0.531573676483765,0.515330906431383,0.701465710214409,0.27321083172147,0.433433086756484,0.653601009477093,0.410720607395958,0.284647196795407,0.468426323516235,0.484669093568617,0.298534289785591,-0.0331465887579817,-0.0331465887579817,0.50179685691924,"Americas","Trinidad & Tobago"
"115","TUN",0.377342944488215,0.520624445824497,0.478922092010525,0.386740340025116,0.570556683303166,0.20382743188431,0.00550715423933386,0.267254352258026,0.462609046707778,0.251186825228668,0.00302893146452751,0.0090299101851795,0.759483385098126,0.470164847501379,0.556497181513316,0.551066601445296,0.481284372355097,0.443869843112503,0.573017408123791,0.500114397476792,0.415584340305618,0.517755338108224,0.462283026018172,0.441884501483018,0.552479466239554,0.610699712706165,0.426982591876209,0.499885602523208,0.584415659694382,0.482244661891776,0.537716973981828,0.558115498516982,0.447520533760446,0.389300287293835,-0.00715068134803759,-0.00715068134803759,0.564320536951255,"Africa","Tunisia"
"116","TUR",0.261373750981577,0.569372117336709,0.434017724652783,0.340793432384219,0.519270574044708,0.235767296311821,0.137243457183951,0.267277254715888,0.239145084276979,0.254339347900966,0.00168634458453785,0.0109102132678241,0.709986261363805,0.530013067862572,0.623486907112459,0.373125224050527,0.902631823242935,0.347250941038862,0.731624758220503,0.432154206174338,0.341647251123688,0.544709066233762,0.368336510432049,0.525407238415571,0.469146121289803,0.343679049551151,0.268375241779497,0.567845793825662,0.658352748876312,0.455290933766238,0.631663489567951,0.474592761584429,0.530853878710197,0.656320950448849,-0.0597183071181633,-0.0597183071181633,0.437888273523636,"Asia","Turkey"
"117","TZA",0.262987039757101,0.712189090416358,0.347083331453048,0.683475738241295,0.728269725816532,0.00791030608485448,0.000770235731036283,0.0101938480361474,0.469666434479281,0.259049129848215,0.00716760577259327,0.00749635255424516,0.723801599258164,0.530397915621553,0.824274193484027,0.571633494840566,0.670771412749234,0.820566038641886,0.158607350096712,0.413906585782222,0.312113725116828,0.360183450309369,0.537721441433035,0.395510142190548,0.414387351301143,0.463523404342409,0.841392649903288,0.586093414217778,0.687886274883172,0.639816549690631,0.462278558566965,0.604489857809452,0.585612648698857,0.536476595657591,0.123879819448142,0.123879819448142,0.87946664733789,"Africa","Tanzania"
"118","URY",0.189891867425499,0.41928998392903,0.748582327969058,0.194517479528776,0.338942516906632,0.00734357418007363,0.0167975750599923,0.00431998946072847,0.349515874783655,0.117016983256291,0.00078886353210948,0.001324025230413,0.635000117525448,0.141171454242232,0.544858479934152,0.51460687062915,0.540316423702567,0.39579492395847,0.724371373307544,0.755236279860492,0.761541723942846,0.678346149182144,0.891070555359203,0.65102191558628,0.68251782597352,0.866919509118957,0.275628626692456,0.244763720139508,0.238458276057154,0.321653850817856,0.108929444640797,0.34897808441372,0.31748217402648,0.133080490881043,-0.0470872816713993,-0.0470872816713993,0.468267601356124,"Americas","Uruguay"
"119","USA",0.285799024877007,0.473504976093046,0.86327354155389,0.0714872968404946,0.353009447377341,0.0719387831441457,0.0332527267152275,0.0843113829096757,0.443312142620773,0.305408945497726,0.197849105726927,0.0392532639756335,0.685919165579631,0.505968734110431,0.434475606587351,0.566275496784356,0.403150811195432,0.239422136896466,0.93568665377176,0.844986200741155,0.776671290726413,0.924936941376599,0.765839293236015,0.898853101931944,0.880960529039534,0.822656048136427,0.06431334622824,0.155013799258845,0.223328709273587,0.075063058623401,0.234160706763985,0.101146898068056,0.119039470960466,0.177343951863573,-0.0400515729281394,-0.0400515729281394,0.485189434294095,"Americas","United States"
"120","VCT",0.0741586163516395,0.405107573189361,0.665452030836163,0.274208597793162,0.312501147888393,0.0121934790881131,0.000936013025888955,0.0157938492167629,0.153531532783576,0.112032770797559,0.000167663555273672,0.000666048293182642,0.737187117715115,0.0230481618939925,0.529435847423064,0.635396359026707,0.424624843080847,0.356903108506543,0.620406189555126,0.681815389919017,0.631263233846544,0.590594274729618,0.848715574767307,0.595090853533857,0.643843124463176,0.781385278173599,0.379593810444874,0.318184610080983,0.368736766153456,0.409405725270382,0.151284425232693,0.404909146466143,0.356156875536824,0.218614721826401,-0.0583900792425976,-0.0583900792425976,0.441082841552821,"Americas","St. Vincent & Grenadines"
"121","VEN",0.276452107996946,0.550551385058321,0.122970336153893,0.561940028573514,0.616254852106246,0.0368136118061149,0.00218284545524573,0.0478892460574417,0.463000802153942,0.253687176715746,0.00829011758844703,0.0349851309480647,0.737187117715115,0.469880921652786,0.597058226327337,0.564738104153947,0.358807830133081,0.641551810913256,0.633462282398453,0.127527770751767,0.0447085989938277,0.160435999460725,0.36509507748497,0,0,0.194926948571078,0.366537717601547,0.872472229248233,0.955291401006172,0.839564000539275,0.63490492251503,1,1,0.805073051428922,-0.0044041032667469,-0.0044041032667469,0.570926429426155,"Americas","Venezuela"
"122","VNM",0.696268549342492,0.636577943353006,0.432001299653524,0.462524733564914,0.781935586951653,0.561359455031966,0.0273031789420867,0.732161681112321,0.631785341113198,0.363674681903693,0.0214329142342398,0.182828480780326,0.709986261363805,0.715992457678113,0.610852965965827,0.604413358830684,0.283401482882199,0.707509789683622,0.477272727272727,0.454568258253708,0.302311820046178,0.542399575163628,0.705496747563478,0.447666595445032,0.542565620561802,0.186969190742129,0.522727272727273,0.545431741746292,0.697688179953822,0.457600424836372,0.294503252436522,0.552333404554968,0.457434379438198,0.813030809257871,0.0146684012732202,0.0146684012732202,0.616798387364038,"Asia","Vietnam"
"123","VUT",0.0583432257302293,0.645869586220518,0.517431379216099,0.494847815689762,0.531909258089269,0.00100339560994913,0.000553120023411658,0.0011474030413257,0.138602365694029,0.23094365390645,0.000118124034971506,0.000887203446275279,0.763479008395075,0.407302827711929,0.756953590923189,0.711713873701619,0.613619393571538,0.590125493473725,0.308027079303675,0.566520069978095,0.38687580111245,0.424217294897002,0.845174030332013,0.427410725978206,0.621366192925927,0.694076374622975,0.691972920696325,0.433479930021905,0.61312419888755,0.575782705102998,0.154825969667987,0.572589274021794,0.378633807074073,0.305923625377025,0.0507873127072694,0.0507873127072694,0.703669263844515,"Oceania","Vanuatu"
"124","WSM",0.223337968238084,0.731779448031375,0.675090755017469,0.305392044499698,0.559740542184026,0.0115523128417399,0.0055344763359443,0.0134769412327834,0.400543652787862,0.256868956784672,0.000281999566141257,0.00253053151816071,0.926524200599877,0.331996424093255,0.854642620159121,0.866008467055873,0.624355627529063,0.639149823904462,0.5357833655706,0.700532304311075,0.598100201250201,0.68622321869222,0.92193470126836,0.509986238142172,0.734751860543514,0.752197605969981,0.4642166344294,0.299467695688925,0.401899798749799,0.31377678130778,0.07806529873164,0.490013761857828,0.265248139456486,0.247802394030019,0.0635635113130068,0.0635635113130068,0.734397752796781,"Oceania","Samoa"
"125","YEM",0.221689347463295,0.556769792126287,0,1,0.775402890755326,0.0129435619972954,0.000116184736707449,0.0170460221479785,0.396429692563157,0.251738938534733,0.00482888513338248,0.0119330154940977,0.709986261363805,0.516865911532908,0.607954031415313,0.523999941472363,0.163138674270441,0.901833901221314,0.101063829787234,0.069937261290321,0,0,0,0.183376181187839,0.127368906985719,0.108878479568369,0.898936170212766,0.930062738709679,1,1,1,0.816623818812161,0.872631093014281,0.891121520431631,0.0834698002914463,0.0834698002914463,0.782275075295502,"Asia","Yemen"
"126","ZAF",0.185946138913819,0.509962413803804,0.552435608387553,0.365991155754157,0.467807632370338,0.0327264595209798,0.0405665774379901,0.0302190279020459,0.317616585634851,0.187963726840275,0.000724652367548904,0.00578490223812244,0.623952385895633,0.39287256155247,0.604378851811424,0.418505476270924,0.419957429165569,0.742675716155199,0.535299806576402,0.578287370134074,0.423955724431218,0.625620111761592,0.599875879680756,0.575811294832296,0.519515534983655,0.72494567511493,0.464700193423598,0.421712629865926,0.576044275568782,0.374379888238408,0.400124120319244,0.424188705167704,0.480484465016345,0.27505432488507,-0.00195067861354128,-0.00195067861354128,0.576827248181226,"Africa","South Africa"
