,ISO_TER1,flag_gfw,hours,fishing_hours
0,ABW,RUS,3.0031,0
1,AGO,AGO,86110.7643,14352.8253
2,AGO,BLZ,10.3999,0
3,AGO,CHN,5351.3346,960.0338
4,AGO,COK,78.1631,0
5,AGO,CPV,6.9401,0
6,AGO,CUW,10.7214,0
7,AGO,ESP,46930.2445,4522.6793
8,AGO,FRA,121.6359,23.045
9,AGO,GEO,1741.1384,41.1027
10,AGO,GTM,12.2944,0
11,AGO,JPN,707.1208,498.5735
12,AGO,LTU,2137.466,4.0364
13,AGO,NAM,4930.0157,437.8609
14,AGO,NGA,21.0345,0
15,AGO,SEN,759.6148,0
16,AGO,SLV,47.0729,0
17,AIA,USA,3.5167,0
18,AIA,VCT,1.006,0
19,ALB,ALB,36935.0998,12536.7706
20,ALB,GRC,0.1666,0
21,ALB,ITA,95.1789,33.0701
22,ALB,MNE,0.3077,0.3077
23,ALB,SVN,67.6829,0
24,ARE,CHN,2.2318,0
25,ARE,IRN,9779.6162,2529.2766
26,ARE,JPN,287.0224,127.3329
27,ARE,PAK,493.7499,125.3246
28,ARE,QAT,26.908,17.2928
29,ARE,TZA,257.3746,110.7727
30,ARG,ARE,2.2702,0
31,ARG,ARG,223248.4909,67121.1806
32,ARG,BLZ,2.3373,0
33,ARG,CHL,36.3609,1.2587
34,ARG,CHN,799.0077,0
35,ARG,ESP,4.99,0
36,ARG,KIR,5636.1164,0
37,ARG,KOR,726.7224,0
38,ARG,POL,1.5885,0
39,ARG,RUS,8.565,0
40,ARG,TWN,12.1072,0
41,ARG,UKR,22.9641,0
42,ARG,URY,12266.3605,10451.2167
43,ASM,CHN,31.1106,2.3558
44,ASM,COK,352.03,33.5189
45,ASM,ECU,3.0118,0
46,ASM,ESP,30.0232,0
47,ASM,KIR,22.354,0
48,ASM,NZL,12.5698,0
49,ASM,TWN,493.6563,68.0156
50,ASM,USA,1874.3875,589.9244
51,ASM,VUT,21.4524,0
52,ATF,AUS,16.7778,2.9244
53,ATF,CHN,0.6566,0
54,ATF,FRA,2818.1105,651.89
55,ATG,CAN,78.6558,17.5911
56,ATG,KNA,23.202,3.2187
57,ATG,USA,53.3437,2.1392
58,ATG,VCT,9.5607,0
59,AUS,AUS,341029.3012,94613.6157
60,AUS,ESP,35.2253,10.8681
61,AUS,JPN,34.0819,1.4138
62,AUS,NCL,46.0314,5.7657
63,AUS,NZL,41.6302,0
64,AUS,PNG,1251.1162,12.778
65,BEL,BEL,20146.9612,14597.0649
66,BEL,FRA,152.9822,0.5862
67,BEL,GBR,501.0541,212.5444
68,BEL,IRL,5.3019,0
69,BEL,NLD,33008.4371,21401.6028
70,BEL,USA,4.1262,0
71,BEN,GHA,50.5053,6.897
72,BEN,NGA,2.6006,0
73,BES,KNA,50.663,18.5069
74,BES,VCT,39.0571,0
75,BES,VEN,0.5294,0
76,BGD,RUS,447.1781,28.8665
77,BGR,BGR,97629.7603,45316.5627
78,BGR,ROU,0.4132,0
79,BHR,BHR,45037.2899,9356.1746
80,BHR,QAT,136.4712,45.511
81,BHR,SAU,1217.8734,878.1079
82,BHS,USA,3230.5929,279.1633
83,BLM,KNA,0.424,0.2738
84,BLM,USA,2.4155,0
85,BLM,VCT,3.9224,0
86,BMU,BMU,130.376,0
87,BMU,CAN,19.6865,0
88,BMU,USA,427.9321,0
89,BRA,AFG,114.2312,8.2053
90,BRA,ARG,3.8306,0
91,BRA,BRA,190832.8491,105728.5144
92,BRA,DNK,413.6904,358.3921
93,BRA,ESP,25.592,0
94,BRA,FLK,67.6418,0
95,BRA,FRA,55.2758,54.5186
96,BRA,FRO,90.3621,7.7537
97,BRA,GRL,360.6225,25.4625
98,BRA,KNA,132.286,35.4213
99,BRA,PRT,3.802,0
100,BRA,SLB,1534.9681,620.9559
101,BRB,FRA,36.603,0
102,BRB,JPN,10.581,0
103,CAN,CAN,909316.6857,105702.9474
104,CAN,CHN,0,0
105,CAN,ESP,4.0175,0
106,CAN,EST,43.5918,18.1262
107,CAN,FRA,191.4677,0
108,CAN,JPN,173.8752,57.2807
109,CAN,NOR,16.5932,0
110,CAN,PRT,88.8297,57.0376
111,CAN,RUS,14.8233,4.168
112,CAN,SPM,209.4239,0
113,CAN,USA,15135.8827,899.7162
114,CHL,ARG,10815.8778,227.9217
115,CHL,CHL,315884.4942,11693.453
116,CHL,CHN,34635.9979,49.186
117,CHL,ESP,57.7112,0
118,CHL,KOR,5653.0072,175.4578
119,CHL,PER,13.4638,3.0657
120,CHL,POL,228.2565,1.2491
121,CHL,RUS,1893.5702,275.2813
122,CHL,TWN,347.9714,0
123,CHL,UKR,6488.3432,114.0771
124,CHL,USA,1646.5499,0
125,CHN,CHN,32922178.99,10902818.87
126,CHN,CIV,35.4849,0
127,CHN,COK,190.4113,50.6809
128,CHN,DNK,1.9169,0
129,CHN,FSM,4.6543,0
130,CHN,HKG,7403.0526,2359.4302
131,CHN,HND,4.0938,0
132,CHN,JPN,6628.0155,2457.2106
133,CHN,KOR,4219.8587,2398.2799
134,CHN,MHL,13.7123,0
135,CHN,MLT,136.4808,0
136,CHN,MUS,162.5365,26.7375
137,CHN,PCN,0,0
138,CHN,PER,578.7081,109.1288
139,CHN,RUS,6971.2151,423.1402
140,CHN,SEN,6.8106,0
141,CHN,TWN,78528.5779,24467.9715
142,CHN,UNK,118080.3065,37099.5017
143,CHN,VNM,4353.0079,1763.2402
144,CHN,VUT,591.338,0
145,CIV,BLZ,4181.9552,11.6528
146,CIV,CHN,7437.4831,1820.2427
147,CIV,CPV,1459.3114,44.351
148,CIV,CUW,4913.5217,18.5222
149,CIV,ESP,12702.7224,1511.3542
150,CIV,FRA,8051.8867,5.9618
151,CIV,GHA,10631.3625,5296.5025
152,CIV,GTM,1990.8184,12.7606
153,CIV,PAN,2038.3619,0.4781
154,CIV,SEN,1108.4472,28.6265
155,CIV,SLV,2427.5527,17.71
156,CMR,CHN,21863.5707,7626.2049
157,CMR,CMR,31016.5403,27070.9768
158,COD,AGO,18.0596,0
159,COD,COK,93.7546,10.2301
160,COG,CHN,122.6318,0
161,COG,ESP,3369.0078,52.1322
162,COG,FRA,707.5759,483.1035
163,COG,NGA,118.2626,8.8312
164,COK,CHN,462.0549,78.0631
165,COK,ESP,5.8003,0
166,COK,KIR,0.6988,0
167,COK,KOR,2.3297,0
168,COK,TWN,9.1672,0
169,COK,USA,6.0817,0
170,COK,VUT,2.8818,0
171,COL,COL,4509.6272,39.9819
172,COL,ECU,33.625,4.0744
173,COL,JPN,1112.2472,73.8103
174,COL,PAN,122.4583,0
175,COL,PRT,14.027,0
176,COL,RUS,2.8532,0
177,COL,VEN,3756.7601,726.7797
178,COM,CHN,4.8809,0
179,COM,KOR,0.5775,0
180,CPV,AGO,1985.027,0.2358
181,CPV,ARG,13.4302,0
182,CPV,BLZ,99.4698,0
183,CPV,CHN,250.7172,49.9202
184,CPV,CPV,1067.9386,159.372
185,CPV,CUW,10.6713,0
186,CPV,ESP,2748.3772,69.4513
187,CPV,FLK,187.892,0
188,CPV,FRA,105.1596,0
189,CPV,GBR,9.1184,0
190,CPV,ITA,10.4861,0
191,CPV,JPN,1513.276,8.6282
192,CPV,KOR,158.1261,0
193,CPV,NOR,18.9857,0
194,CPV,PRT,648.7436,0
195,CPV,SEN,23.634,1.7733
196,CPV,SLV,3.4569,0
197,CRI,CHN,52.5883,0
198,CRI,ESP,2.7706,0
199,CRI,PAN,0.9571,0
200,CRI,PRT,5.3752,0
201,CRI,USA,1192.75,0
202,CRI,VEN,2744.5401,173.0277
203,CUB,CAN,16.8746,0
204,CUW,VEN,0.3305,0
205,CYM,USA,41.9942,0
206,CYP,CYP,20900.1042,8792.1965
207,CYP,EGY,38.5432,5.9552
208,CYP,GRC,104.8894,28.9915
209,CYP,ISR,30.547,9.7325
210,CYP,ITA,36.704,3.4637
211,CYP,MAR,49.4552,6.2131
212,CYP,TUR,1090.6031,316.4629
213,DEU,BEL,7.5356,0
214,DEU,CHE,1.324,0.183
215,DEU,DEU,469818.5633,81923.7819
216,DEU,DNK,26367.3834,6835.4997
217,DEU,ESP,35.949,0
218,DEU,FIN,4.4125,0
219,DEU,GBR,882.8534,257.2681
220,DEU,GRL,2.673,0.0319
221,DEU,IRL,846.7596,353.979
222,DEU,ISL,8.1432,0
223,DEU,LTU,6.8429,0
224,DEU,NLD,22142.1188,6596.3258
225,DEU,NOR,2.9316,0.2991
226,DEU,POL,4945.3952,3565.2476
227,DEU,RUS,46.2193,0.2469
228,DEU,SWE,131.5781,110.3762
229,DEU,USA,12.889,0
230,DJI,CHN,8.5578,0
231,DJI,ESP,4.2878,0
232,DJI,FRA,93.1029,12.8701
233,DJI,RUS,9.4089,0
234,DJI,SEN,2.2045,0
235,DJI,TUR,2.4317,0
236,DMA,CAN,551.5126,382.6335
237,DMA,ECU,2.6625,0
238,DMA,FRA,26.9089,0
239,DMA,JPN,0.7769,0
240,DMA,VCT,75.7478,0
241,DNK,BEL,4981.9896,1106.2679
242,DNK,CAN,411.1751,4.9146
243,DNK,CHE,0.9979,0
244,DNK,DEU,34373.8722,2654.8211
245,DNK,DNK,980242.801,186286.4251
246,DNK,EST,642.5421,144.752
247,DNK,FIN,2300.0215,280.3179
248,DNK,FRA,2910.6321,0
249,DNK,FRO,87.2638,0
250,DNK,GBR,23064.6219,176.4332
251,DNK,GRL,993.5663,13.6257
252,DNK,IRL,1425.0882,1.5613
253,DNK,ISL,90.4425,0
254,DNK,LTU,9700.4841,654.2109
255,DNK,LVA,1614.4069,270.209
256,DNK,NLD,33963.138,4839.7322
257,DNK,NOR,28892.1058,772.691
258,DNK,PAN,8352.3116,799.5291
259,DNK,POL,17793.0051,5708.4685
260,DNK,RUS,1202.2741,7.2232
261,DNK,SWE,43905.5562,12629.9474
262,DOM,ESP,1.0122,0
263,DOM,JPN,7.5958,0
264,DOM,PAN,0.0305,0
265,DOM,USA,663.3109,98.1
266,DZA,CHN,19.0503,0
267,DZA,DZA,504.0828,0
268,DZA,ESP,1.3624,0
269,DZA,FRA,95.7924,0
270,DZA,RUS,3.1264,0
271,DZA,TUR,95.5716,0
272,ECU,COK,5.5132,0
273,ECU,COL,267.078,1.7063
274,ECU,ECU,4725.2517,203.8671
275,ECU,ESP,16.47,0
276,ECU,NIC,49.6868,1.3541
277,ECU,PAN,1468.5742,17.9856
278,ECU,SLV,20.875,0
279,ECU,USA,107.0322,1.7866
280,ECU,VEN,180.8336,6.6902
281,EGY,BLZ,3435.8928,209.5523
282,EGY,CHN,185.7512,21.0996
283,EGY,CPV,316.5975,19.0219
284,EGY,EGY,17.439,0
285,EGY,ESP,52.2839,0
286,EGY,FRA,185.6566,30.0593
287,EGY,RUS,118.6556,25.3239
288,EGY,SEN,40.5794,1.6452
289,EGY,TUR,35.5339,6.4155
290,ERI,CHN,7.7942,0
291,ERI,ESP,9.5931,0
292,ERI,FRA,35.0415,0
293,ERI,RUS,29.6318,0
294,ERI,SEN,1.722,0
295,ERI,TUR,11.4049,0
296,ESH,BLZ,3635.5577,164.5735
297,ESH,CHN,27162.6085,603.7258
298,ESH,CMR,2088.8536,43.328
299,ESH,CPV,14.6292,0
300,ESH,CUW,1318.3893,27.8876
301,ESH,DEU,100.8187,16.5287
302,ESH,ESP,8020.7193,80.0524
303,ESH,FRA,2870.7741,238.1713
304,ESH,GEO,4794.8429,140.3445
305,ESH,GRC,530.164,10.3547
306,ESH,HUN,2.5031,0
307,ESH,IDN,2829.6797,12.9997
308,ESH,ISL,7.8662,1.5452
309,ESH,JPN,97.2441,0.0333
310,ESH,LTU,1103.5069,17.2854
311,ESH,LVA,1128.4681,59.393
312,ESH,MAR,88572.6576,8946.5518
313,ESH,MRT,15350.2535,263.5562
314,ESH,NLD,439.4194,41.5502
315,ESH,NOR,3189.6949,7.2501
316,ESH,PRT,234.3355,145.7994
317,ESH,RUS,5651.1883,416.9486
318,ESH,SEN,84.203,0
319,ESH,SWE,140.5971,16.6227
320,ESH,TUR,2731.8594,158.3036
321,ESP,AGO,18.7011,0.9255
322,ESP,ARG,27.0089,3.1607
323,ESP,BEL,329.8408,2.0838
324,ESP,BLZ,746.082,0
325,ESP,CHN,11.1252,0
326,ESP,CPV,4.3265,0
327,ESP,DEU,441.9269,20.134
328,ESP,DZA,18.6076,0
329,ESP,ECU,387.1591,0.9471
330,ESP,ESP,2772030.668,892374.9484
331,ESP,FLK,2327.4846,22.6515
332,ESP,FRA,16896.2915,3009.0183
333,ESP,GBR,4640.9804,1.5384
334,ESP,GRL,18.2703,5.3521
335,ESP,IRL,373.0948,10.2665
336,ESP,ISL,5.8774,0
337,ESP,ITA,2067.0802,35.107
338,ESP,MAR,2119.3566,0.9361
339,ESP,MLT,4558.2296,587.8385
340,ESP,MRT,15.0124,0
341,ESP,NAM,5.9232,0
342,ESP,NLD,14.4744,0
343,ESP,NOR,47.5491,0
344,ESP,PRT,19424.4496,3876.6532
345,ESP,RUS,26.4356,0.3341
346,ESP,SEN,14.3489,0
347,ESP,SLV,169.9952,3.8415
348,ESP,TUR,39.5641,0
349,EST,DNK,5.445,4.584
350,EST,EST,77160.6371,22366.1402
351,EST,FIN,17294.6126,4522.7644
352,EST,LTU,532.8944,15.4177
353,EST,LVA,173.3789,64.7971
354,EST,NOR,3.9407,0
355,EST,POL,0.2991,0.2991
356,EST,RUS,2930.7874,980.6555
357,EST,SWE,0.258,0.258
358,FIN,CHE,67.4391,0
359,FIN,DNK,59.4146,59.4146
360,FIN,EST,188.6103,4.487
361,FIN,FIN,85690.3383,16446.8953
362,FIN,RUS,402.0512,226.5865
363,FIN,SWE,500.9911,341.6223
364,FJI,AUS,213.6809,51.7653
365,FJI,CAN,209.4154,5.8649
366,FJI,CHN,87505.8004,3591.2482
367,FJI,COK,1823.9146,6.9085
368,FJI,FJI,49378.4207,2441.4595
369,FJI,JPN,525.3121,0
370,FJI,KIR,1573.4802,11.1016
371,FJI,KOR,1772.3395,10.5212
372,FJI,NRU,172.2815,0
373,FJI,TUV,175.2936,0
374,FJI,TWN,22709.6923,248.5048
375,FJI,VUT,9865.6388,104.6902
376,FLK,CHL,22.0385,0.7283
377,FLK,CHN,3.7783,0.4305
378,FLK,ESP,3552.6088,1674.6437
379,FLK,FLK,13454.1554,7358.0533
380,FLK,GBR,1108.3859,700.5523
381,FLK,KOR,6236.8535,440.3672
382,FLK,NOR,8.0003,0
383,FLK,NZL,12.6776,0
384,FLK,SHN,22.514,0
385,FLK,TWN,3788.586,58.0212
386,FLK,URY,32.878,0
387,FLK,VUT,477.2574,11.5846
388,FRA,BEL,21267.4663,3006.1957
389,FRA,DEU,153.5391,18.9558
390,FRA,DNK,27.4984,0
391,FRA,ESP,11949.0225,5759.3174
392,FRA,FRA,1747319.457,451235.9579
393,FRA,GBR,31295.2784,15325.7933
394,FRA,IRL,714.0591,240.6428
395,FRA,ITA,5179.5107,4280.3016
396,FRA,LBY,3.844,0
397,FRA,LTU,2.0616,0
398,FRA,NCL,174.0413,0
399,FRA,NLD,37185.8181,4727.9247
400,FRA,NOR,21.9405,0
401,FRA,POL,6.7749,0
402,FRA,PRT,4.0624,0
403,FRA,RUS,17.2032,1.2677
404,FRA,SWE,0.1808,0
405,FRA,USA,5.0959,0
406,FRO,DEU,5.8649,0
407,FRO,DNK,211.2962,4.9944
408,FRO,ESP,4.3145,0
409,FRO,FRO,260841.5741,46087.9456
410,FRO,GBR,5.3923,1.9167
411,FRO,GRL,7222.9619,106.1224
412,FRO,ISL,1912.364,3.3777
413,FRO,LTU,24.0911,0
414,FRO,NOR,301.7249,4.0244
415,FRO,RUS,19623.2971,359.2445
416,FRO,SWE,6.679,0
417,FSM,CHN,6802.5261,461.3189
418,FSM,FSM,11287.8075,167.2387
419,FSM,JPN,534.8029,28.5848
420,FSM,KIR,173.2782,4.3208
421,FSM,KOR,2604.3774,108.5025
422,FSM,MHL,349.1399,4.8464
423,FSM,NRU,649.3028,0
424,FSM,PHL,5.5562,0
425,FSM,PNG,6494.9471,147.8172
426,FSM,SLB,291.5852,4.326
427,FSM,TUV,95.4561,1.5619
428,FSM,TWN,6090.4286,324.1755
429,FSM,USA,10286.502,144.469
430,FSM,VUT,220.4395,1.3246
431,GAB,CHN,416.8216,83.187
432,GAB,NGA,563.5382,44.0739
433,GAB,SLV,369.4932,0
434,GBR,BEL,37745.5912,18410.9794
435,GBR,CAN,17.9835,0
436,GBR,CHE,392.4787,68.7405
437,GBR,DEU,2232.1909,582.2656
438,GBR,DNK,3123.933,254.0778
439,GBR,ESP,6513.6521,99.2658
440,GBR,FRA,45076.4033,23091.2475
441,GBR,FRO,673.3922,118.8462
442,GBR,GBR,1605992.574,521911.0604
443,GBR,GRL,85.5744,0
444,GBR,HRV,520.0114,119.3697
445,GBR,IRL,24284.8532,10879.6116
446,GBR,ISL,40.3365,0
447,GBR,JPN,5.038,0
448,GBR,LIE,138.8872,67.0213
449,GBR,LTU,17.7735,0
450,GBR,NLD,6952.8138,3623.5672
451,GBR,NOR,22275.2213,1542.7546
452,GBR,POL,122.5163,0
453,GBR,PRT,60.2103,0
454,GBR,RUS,141.5067,0
455,GBR,SWE,277.2877,56.7242
456,GBR,USA,8.6068,0
457,GEO,GEO,64891.5676,8796.8478
458,GEO,RUS,116.419,0
459,GEO,TUR,17647.2141,946.2902
460,GGY,BEL,314.038,4.2258
461,GGY,DEU,39.3617,11.4591
462,GGY,DNK,0.8835,0
463,GGY,FRA,10303.393,7004.718
464,GGY,GBR,46345.8486,8963.0824
465,GGY,IRL,23.4812,2.084
466,GGY,NLD,203.1098,2.4322
467,GGY,NOR,7.0172,0
468,GGY,POL,3.8413,0
469,GGY,PRT,2.2502,0
470,GGY,RUS,5.1909,0
471,GGY,USA,1.4618,0
472,GHA,BLZ,4529.0167,557.9991
473,GHA,CHN,1108.3223,160.3101
474,GHA,ESP,233.984,0
475,GHA,FRA,737.8165,1.1299
476,GHA,GHA,87413.6222,17270.4706
477,GHA,JPN,101.5062,2.8913
478,GHA,NGA,8.497,1.503
479,GHA,TWN,4.4685,0
480,GIB,DEU,3.7221,1.2166
481,GIB,ESP,804.0502,619.6828
482,GIB,FRA,1.6548,0
483,GIB,MAR,9.8771,0
484,GIB,NOR,1.6454,0
485,GIB,TUR,3.1314,0
486,GIN,CHN,3618.537,238.2703
487,GIN,ESP,6892.9103,71.5669
488,GIN,GHA,76.3402,0
489,GIN,GIN,9543.1236,594.8158
490,GIN,ISL,711.9478,1.1933
491,GIN,ITA,1354.1248,99.6539
492,GLP,CAN,82.6738,29.2904
493,GLP,FRA,864.2173,229.441
494,GLP,RUS,3.0127,0
495,GLP,VCT,41.5339,0
496,GMB,CHN,71.3282,57.9672
497,GMB,CIV,3.7193,0
498,GMB,ESP,36.4965,21.3964
499,GMB,GMB,43.0412,24.2789
500,GMB,GNB,8.1579,0
501,GMB,SEN,1203.0489,1113.8028
502,GNB,CHN,2493.3708,153.7321
503,GNB,ESP,1516.7166,219.995
504,GNB,GEO,409.921,0.4996
505,GNB,GIN,1038.7014,162.12
506,GNB,GNB,7833.8988,669.2958
507,GNB,ITA,43.149,0
508,GNB,KOR,363.0757,42.3837
509,GNB,RUS,1026.8141,5.6526
510,GNB,SEN,577.3863,1.7271
511,GNB,TUR,1523.0824,4.2143
512,GNQ,BLZ,2.4375,0
513,GNQ,CHN,7274.9395,3831.8008
514,GNQ,CMR,428.8088,377.3722
515,GNQ,CUW,3.6334,0
516,GNQ,SLV,1.761,0
517,GRC,ALB,1452,1119.6815
518,GRC,BLZ,26.4321,0
519,GRC,CPV,71.527,0.1
520,GRC,CYP,2982.0894,833.0443
521,GRC,ESP,795.5848,0
522,GRC,FRA,46.5794,0
523,GRC,GRC,527287.9153,250375.1846
524,GRC,HRV,314.1652,10.634
525,GRC,ITA,61419.7284,50465.0748
526,GRC,MAR,91.9033,0
527,GRC,MLT,396.698,269.9242
528,GRC,SVN,73.1492,9.6665
529,GRC,TUR,71064.4082,46707.3383
530,GRD,CAN,15.9734,0.708
531,GRD,PRT,179.8891,1.7169
532,GRD,VCT,108.3365,0
533,GRD,YEM,5454.5251,24.2168
534,GRL,CAN,1689.5399,7.8631
535,GRL,DEU,30.7521,0
536,GRL,DNK,34555.7884,10365.2017
537,GRL,FRO,2267.5657,231.6127
538,GRL,GRL,139145.5995,50952.8137
539,GRL,ISL,6.8616,0
540,GRL,NOR,371.4231,50.9868
541,GRL,RUS,130.791,10.5089
542,GTM,BMU,24.0814,1.6205
543,GTM,MEX,61.1094,0
544,GTM,PAN,222.1367,0
545,GTM,USA,4.7154,0
546,GTM,VEN,666.139,0
547,GUF,FRA,20920.3092,14751.5487
548,GUF,VEN,182.2547,36.1138
549,GUM,FSM,65.9859,0
550,GUM,JPN,10061.4917,51.759
551,GUM,KOR,0.128,0
552,GUM,TWN,6.248,0
553,GUM,VUT,1.1954,0
554,GUY,TWN,33.1418,0
555,GUY,VEN,0.14,0
556,HND,HND,2579.0298,232.9015
557,HRV,ALB,17.3357,1.6799
558,HRV,CYP,8.1156,7.8481
559,HRV,DEU,718.5859,74.6474
560,HRV,HRV,524827.3794,188939.5037
561,HRV,ITA,5073.9578,4358.6155
562,HRV,MNE,10203.7766,1058.8923
563,HRV,NOR,506.3768,0
564,HRV,SVN,3130.0412,2202.7675
565,IDN,AUS,25.1049,0
566,IDN,CHN,5791.4793,51.5879
567,IDN,CIV,14.2786,0
568,IDN,COK,296.7277,20.4301
569,IDN,GNQ,2282.4194,788.2222
570,IDN,IDN,10667.4812,4339.4031
571,IDN,JPN,1024.9313,24.0266
572,IDN,KOR,78.8215,0
573,IDN,LBR,13.1074,0.1488
574,IDN,LVA,29.3915,0
575,IDN,MUS,25.4601,0.6083
576,IDN,PCN,118.6599,70.1704
577,IDN,PHL,3.8465,0
578,IDN,PNG,4.6743,0
579,IDN,RUS,108.9715,0
580,IDN,SEN,12.8046,0
581,IDN,SGP,4162.5093,1804.7814
582,IDN,SYC,339.6801,2.0995
583,IDN,TWN,3352.5232,23.186
584,IDN,UNK,26.2199,5.349
585,IDN,VUT,93.2262,0
586,IND,CHN,2611.3859,62.5214
587,IND,IND,121368.0068,15778.0719
588,IND,RUS,397.6708,0
589,IRL,BEL,709.7215,163.8282
590,IRL,DEU,449.3891,25.7195
591,IRL,DNK,1108.8736,77.8268
592,IRL,ESP,13431.5839,269.2901
593,IRL,FRA,23160.6171,869.1745
594,IRL,FRO,226.7416,76.3829
595,IRL,GBR,40061.9236,12762.7574
596,IRL,GRL,5.7088,0
597,IRL,IRL,591181.7824,57844.6454
598,IRL,ISL,772.8801,399.2588
599,IRL,JPN,11.8106,0
600,IRL,LIE,2.9824,0
601,IRL,NAM,277.9076,0
602,IRL,NLD,574.0573,116.7608
603,IRL,NOR,2953.5464,93.5342
604,IRL,POL,6.019,0
605,IRL,PRT,379.0172,0
606,IRL,RUS,133.505,15.0343
607,IRN,CHN,1592.1522,208.5913
608,IRN,IRN,38564.349,3718.0675
609,IRN,JPN,363.6559,103.0577
610,ISL,DEU,254.1323,0
611,ISL,DNK,1110.7853,51.1746
612,ISL,ESP,9.1024,0
613,ISL,EST,8.9823,0
614,ISL,FRO,1387.8666,377.6123
615,ISL,GBR,42.1755,0
616,ISL,GRL,2658.9131,54.701
617,ISL,ISL,1412599.711,264595.7282
618,ISL,LTU,99.8854,0
619,ISL,NOR,2897.6943,16.5291
620,ISL,POL,11.2711,0
621,ISL,PRT,51.6317,4.2014
622,ISL,RUS,441.0046,3.7988
623,ISR,GRC,34.6501,1.8629
624,ISR,ISR,29255.886,19170.2212
625,ISR,TUR,136.2936,24.787
626,ITA,ALB,34.2568,0
627,ITA,CHN,20.439,0
628,ITA,CPV,119.1851,19.3777
629,ITA,CYP,259.1015,65.3231
630,ITA,DEU,84.1518,0.9827
631,ITA,DZA,1403.1407,5.2489
632,ITA,ESP,602.382,31.5528
633,ITA,FRA,613.2358,71.759
634,ITA,HRV,1578.8895,1228.2802
635,ITA,ITA,2535634.153,1215471.004
636,ITA,LBY,487.3211,124.4922
637,ITA,MAR,2.8719,0
638,ITA,MLT,4285.5796,355.6103
639,ITA,NOR,61.047,0
640,ITA,PRT,328.6616,62.9109
641,ITA,RUS,6.3443,0
642,ITA,SVN,636.2472,435.3217
643,ITA,TUN,673.6842,247.6581
644,ITA,TUR,209.0414,0
645,JEY,BEL,0.6384,0
646,JEY,FRA,9566.0933,5024.0598
647,JEY,GBR,29477.7935,2035.6104
648,JPN,CHL,369.0212,4.8788
649,JPN,CHN,4465.4467,57.7941
650,JPN,CYP,65.4307,0
651,JPN,FSM,1481.5698,1.0313
652,JPN,JPN,1513165.297,314729.598
653,JPN,KIR,10.4912,0
654,JPN,KOR,7331.2353,3321.2186
655,JPN,LBR,14.4501,0
656,JPN,NRU,15.0218,0.5008
657,JPN,RUS,13843.4208,2758.5127
658,JPN,TUV,20.2114,0
659,JPN,TWN,1851.5458,80.1771
660,JPN,UNK,9.2096,2.619
661,JPN,USA,7.491,0
662,JPN,VUT,170.2705,0.6763
663,KEN,KEN,640.2332,438.0149
664,KEN,KOR,468.7109,192.5026
665,KEN,NAM,84.5246,50.1772
666,KEN,SYC,47.4619,19.5083
667,KIR,CHN,18454.3631,1650.7089
668,KIR,ECU,376.4832,0
669,KIR,ESP,43.4969,0
670,KIR,FSM,1535.0747,16.4086
671,KIR,JPN,2.7725,0
672,KIR,KIR,7921.5532,326.8761
673,KIR,KOR,14693.5817,955.5533
674,KIR,MHL,4383.1072,46.2505
675,KIR,NRU,1639.3379,57.1862
676,KIR,PHL,130.4499,0
677,KIR,PNG,1018.3816,7.0306
678,KIR,SLB,1128.0945,30.9303
679,KIR,TUV,518.0777,17.0213
680,KIR,TWN,6264.3591,365.7992
681,KIR,USA,1476.5345,23.9295
682,KIR,VUT,1830.0704,90.0659
683,KNA,CAN,0.6577,0
684,KNA,KNA,2085.1355,228.3031
685,KNA,VCT,175.0881,0
686,KOR,CHN,28347.5492,972.4713
687,KOR,CYP,3932.8614,1.0108
688,KOR,DNK,2.5775,0
689,KOR,JPN,1213.8728,884.1121
690,KOR,KIR,1267.4155,9.9111
691,KOR,KOR,3910224.597,1017250.457
692,KOR,LBR,1374.1416,1.5144
693,KOR,LVA,4014.2475,87.5921
694,KOR,NRU,222.2013,6.914
695,KOR,PCN,37.4599,0
696,KOR,RUS,273774.4826,1982.6428
697,KOR,SEN,752.4172,0.5536
698,KOR,TUV,364.1673,43.8301
699,KOR,TWN,1521.6971,26.0986
700,KOR,UNK,31.643,0
701,KOR,USA,1109.7474,0
702,KOR,VUT,2694.4269,33.6933
703,LBR,CHN,8109.6831,7169.4244
704,LBR,CIV,141.7216,0
705,LBR,ESP,9.8164,0
706,LBR,NGA,23.0874,3.8336
707,LBR,SEN,5.5742,0
708,LBR,TUR,104.6989,37.7477
709,LBY,ITA,1.361,0
710,LBY,LBY,844.0897,216.6108
711,LCA,CAN,131.769,67.7513
712,LCA,ESP,0.8027,0
713,LCA,FRA,67.3992,0
714,LCA,JPN,5.3415,0
715,LCA,PRT,2.1318,0
716,LCA,VCT,82.5332,0.3327
717,LKA,CHN,1833.8702,242.5337
718,LKA,LKA,23953.3347,729.6679
719,LKA,MLT,249.9095,0.9561
720,LKA,RUS,696.0827,13.5345
721,LKA,SYC,1835.9809,70.3807
722,LKA,TWN,7808.2351,99.7248
723,LKA,UNK,6.7083,0
724,LTU,LTU,4121.5537,1191.7083
725,LTU,LVA,184.374,66.6223
726,LTU,NLD,6.8484,0.2524
727,LTU,NOR,3.5776,0
728,LTU,POL,38.4625,23.9856
729,LTU,RUS,48.3014,17.786
730,LVA,DNK,0.1669,0
731,LVA,EST,834.0148,323.9891
732,LVA,FIN,67.7219,16.5821
733,LVA,LTU,12332.7915,207.9004
734,LVA,LVA,69820.4656,18022.5771
735,LVA,NOR,24.1425,0
736,LVA,POL,588.811,67.4771
737,LVA,RUS,44.5448,0
738,LVA,SWE,1.7952,1.7952
739,MAF,USA,28.3404,0
740,MAF,VCT,24.6504,0
741,MAR,CHN,135.0015,9.6243
742,MAR,CPV,6.8974,0
743,MAR,DEU,281.4431,1.6663
744,MAR,ESP,4553.8783,1945.0737
745,MAR,FRA,269.9321,23.9567
746,MAR,HUN,84.3498,35.7376
747,MAR,ISL,808.0735,1.3755
748,MAR,MAR,34565.0244,10086.8159
749,MAR,NOR,4.4304,0
750,MAR,RUS,1026.3038,15.9777
751,MAR,SEN,2.9103,0
752,MAR,TUR,364.2276,0
753,MCO,FRA,0.2774,0
754,MCO,ITA,485.2295,436.2014
755,MDG,AUS,36.7333,0
756,MDG,CHN,1022.2455,3.1488
757,MDG,ESP,337.0347,0
758,MDG,FRA,408.8976,0
759,MDG,JPN,18.7616,0
760,MDG,KOR,22.4031,0
761,MDG,LVA,13.0122,0
762,MDG,MDG,87940.4568,55607.578
763,MDG,SYC,429.6426,0
764,MDG,TWN,15.0066,4.8921
765,MDV,KOR,2.6306,0
766,MDV,LKA,120.9397,7.5655
767,MEX,BMU,90.853,42.369
768,MEX,CAN,168.5829,10.6147
769,MEX,ISL,28.7634,28.1719
770,MEX,MEX,32497.4572,3042.8913
771,MEX,NIC,81.5327,0
772,MEX,USA,19150.1951,692.0436
773,MHL,CHN,15766.856,596.7241
774,MHL,CRI,278.9172,16.6326
775,MHL,FSM,18418.4262,988.0862
776,MHL,JPN,302.4283,27.6355
777,MHL,KIR,636.8762,0
778,MHL,KOR,2103.163,52.4047
779,MHL,MHL,12818.062,1026.9402
780,MHL,NRU,1965.3746,16.7724
781,MHL,NZL,235.4819,0
782,MHL,PHL,1233.5622,5.3153
783,MHL,PNG,12442.4066,678.7519
784,MHL,SLB,829.6587,0
785,MHL,TUV,236.3282,24.926
786,MHL,TWN,35801.0514,1730.7511
787,MHL,USA,7987.9348,519.1866
788,MHL,VUT,364.7241,48.5943
789,MLT,ALB,79.7883,0
790,MLT,CHN,15.5811,0
791,MLT,CYP,5190.9844,107.8144
792,MLT,DZA,464.8352,87.0627
793,MLT,ESP,45.1801,10.2312
794,MLT,FRA,712.8451,2.7721
795,MLT,ITA,11880.6979,6671.7372
796,MLT,LBY,16096.0477,1397.6628
797,MLT,MLT,56769.0668,8760.7274
798,MLT,PRT,11.5079,0
799,MLT,RUS,44.6929,5.7991
800,MLT,TUN,79.6102,74.9244
801,MLT,TUR,3.6238,0
802,MNE,ALB,46.5573,20.1389
803,MNE,ITA,17.0501,2.1611
804,MNE,MNE,42150.9373,8891.395
805,MNE,SVN,12.2111,0
806,MNP,CHN,28.1234,0
807,MNP,FSM,4.9619,0
808,MNP,JPN,49.2068,0
809,MNP,KIR,1.3715,0
810,MNP,KOR,29.6433,0
811,MNP,NRU,3.9712,0
812,MNP,PNG,0.6513,0
813,MNP,TUV,3.3967,0
814,MNP,TWN,69.8863,0
815,MOZ,AUS,26.5817,0
816,MOZ,CHN,16662.7623,7207.5032
817,MOZ,JPN,535.448,0.7033
818,MOZ,KOR,175.2916,32.8714
819,MOZ,LVA,956.4136,241.4678
820,MOZ,MOZ,16131.2524,11459.8662
821,MOZ,MUS,3734.7505,189.6874
822,MOZ,MWI,32.1848,17.0589
823,MOZ,NAM,1845.9756,1095.2361
824,MOZ,SYC,1032.6135,51.6488
825,MOZ,TWN,883.7896,215.9178
826,MOZ,ZAF,2195.0525,1493.0334
827,MRT,BLZ,1279.6647,155.5989
828,MRT,CHN,3818.6461,2707.6283
829,MRT,CMR,1635.2853,335.7276
830,MRT,CPV,21.4582,0
831,MRT,CUW,1026.2631,111.9148
832,MRT,ESP,4056.0993,2713.9078
833,MRT,FRA,734.3081,370.1619
834,MRT,GEO,4884.1527,665.0447
835,MRT,IDN,95.8689,30.7995
836,MRT,JPN,55.6178,0
837,MRT,LTU,481.0681,69.6166
838,MRT,LVA,301.2584,8.1381
839,MRT,MRT,10373.982,4939.9486
840,MRT,NAM,59.2179,31.6945
841,MRT,NLD,213.8825,30.0456
842,MRT,NOR,819.1475,403.9584
843,MRT,RUS,1456.4453,45.6276
844,MRT,SEN,265.9007,229.1308
845,MRT,TUR,122.4193,59.2572
846,MSR,CAN,16.1737,7.9468
847,MSR,VCT,27.3046,0
848,MTQ,CAN,87.4389,59.2944
849,MTQ,ECU,1.2119,0
850,MTQ,FRA,2111.6831,67.8883
851,MTQ,JPN,1.8614,0
852,MTQ,PRT,5.0981,0
853,MTQ,VCT,61.015,0
854,MUS,AUS,2416.8349,1.483
855,MUS,CHN,14169.9366,372.2668
856,MUS,COK,439.1975,10.3078
857,MUS,ESP,2280.2012,6.6498
858,MUS,FRA,6800.6106,2.796
859,MUS,GBR,328.8267,4.6672
860,MUS,ITA,547.4252,0
861,MUS,JPN,601.023,18.5143
862,MUS,KOR,1352.6477,4.6961
863,MUS,LVA,3.7683,0
864,MUS,MUS,21199.839,8140.5194
865,MUS,MYS,1585.7584,5.956
866,MUS,PRT,56.7865,0
867,MUS,REU,606.0205,0.0866
868,MUS,SYC,12814.2006,152.5747
869,MUS,TWN,96745.9057,788.9224
870,MUS,VUT,75.1987,0
871,MYS,AUS,5.4,0
872,MYS,AZE,522.9374,42.9467
873,MYS,CHN,6534.6697,1234.9233
874,MYS,IDN,6.7066,2.6005
875,MYS,JPN,8.1557,0
876,MYS,KOR,29.1431,0
877,MYS,LBR,45.5881,0.6469
878,MYS,LVA,5.743,0
879,MYS,MUS,11.4495,0
880,MYS,MYS,396395.3015,163620.4535
881,MYS,RUS,168.4727,2.5991
882,MYS,SEN,4.7457,0
883,MYS,SYC,177.3181,0
884,MYS,THA,214.4008,42.5317
885,MYS,TWN,1928.1739,30.756
886,MYS,VUT,52.0394,0
887,MYT,FRA,6.2812,0
888,NAM,AGO,350.2817,7.4317
889,NAM,BLZ,578.6171,16.98
890,NAM,CHN,1.8977,0
891,NAM,ESP,757.5871,15.0877
892,NAM,FLK,10.4917,0
893,NAM,GBR,173.0987,0
894,NAM,GEO,234.6813,0
895,NAM,JPN,178.2094,0.7497
896,NAM,NAM,25028.3783,1391.3626
897,NAM,NOR,3167.0899,1.221
898,NAM,PAN,150.8168,0
899,NAM,PRT,45.9228,0.3844
900,NAM,RUS,901.2046,35.5801
901,NAM,SEN,88.2049,4.6234
902,NAM,ZAF,822.8632,179.4124
903,NCL,AUS,743.0795,87.3417
904,NCL,CHN,2.1365,0
905,NCL,JPN,958.852,4.9171
906,NCL,NCL,15956.5355,2244.1316
907,NFK,TWN,0.2791,0
908,NGA,NGA,15507.1809,12655.3667
909,NIC,ECU,0.4683,0
910,NIC,NIC,3.6615,1.0838
911,NIC,USA,8.4681,0
912,NIC,VEN,2.0488,0
913,NIU,USA,6.1931,0
914,NLD,BEL,23298.2369,5104.5195
915,NLD,DEU,51624.5938,10317.5652
916,NLD,DNK,1014.0116,101.485
917,NLD,ESP,5.9489,0
918,NLD,FRA,8064.1866,64.0905
919,NLD,FRO,588.741,0
920,NLD,GBR,20723.4116,316.5445
921,NLD,IRL,612.6391,16.2751
922,NLD,ISL,3.2563,0.4469
923,NLD,LTU,587.545,0
924,NLD,NLD,866579.9933,263527.8158
925,NLD,NOR,40.3055,0
926,NLD,POL,679.087,14.8712
927,NLD,RUS,5.666,0
928,NLD,SWE,0.1922,0
929,NLD,USA,10.8461,0
930,NOR,BEL,57.8334,0
931,NOR,BLZ,329.5536,8.5043
932,NOR,DEU,912.6657,594.2789
933,NOR,DNK,5276.9898,1360.8599
934,NOR,ESP,912.61,398.6732
935,NOR,EST,947.4099,0
936,NOR,FRA,949.4816,249.6926
937,NOR,FRO,2059.1819,674.8773
938,NOR,GBR,13961.6197,871.2055
939,NOR,GRL,757.1729,352.7187
940,NOR,IRL,403.2902,0.1669
941,NOR,ISL,1303.7377,886.9781
942,NOR,LTU,1589.5859,23.0896
943,NOR,LVA,43.5833,18.2793
944,NOR,NLD,17.577,0
945,NOR,NOR,7010364.247,553650.0252
946,NOR,POL,306.7345,104.6258
947,NOR,PRT,439.3674,372.4555
948,NOR,RUS,46893.1601,7047.7391
949,NOR,SWE,4533.5997,3005.0728
950,NRU,CHN,8.8207,4.2899
951,NRU,FSM,6.7354,4.548
952,NRU,KOR,2.1299,0
953,NRU,NRU,7.4266,2.7555
954,NRU,PNG,2.2057,0
955,NRU,TWN,5.9479,0
956,NRU,USA,1.4679,0
957,NZL,AUS,63.39,31.6797
958,NZL,ESP,482.9348,14.7234
959,NZL,GBR,2632.3433,0.0669
960,NZL,JPN,428.0519,1.7037
961,NZL,NZL,158929.6137,48502.5229
962,NZL,RUS,27.6149,0
963,NZL,SHN,238.3454,204.601
964,NZL,TWN,0.561,0
965,NZL,URY,72.001,0
966,NZL,USA,874.5115,58.4335
967,OMN,CHN,533.0321,62.6269
968,OMN,IRN,397.4983,11.5148
969,OMN,PAK,483.1966,231.9944
970,OMN,SEN,150.0975,7.1143
971,OMN,TUR,906.3649,102.7797
972,PAK,CHN,192.6231,0
973,PAN,CAN,12.0654,0
974,PAN,CHN,167.0399,105.9511
975,PAN,COL,934.4045,109.0416
976,PAN,ECU,72.6653,1.286
977,PAN,ESP,3646.3818,131.2548
978,PAN,FJI,448.1524,4.8582
979,PAN,JPN,817.2812,320.8436
980,PAN,NIC,1624.8828,55.3875
981,PAN,PAN,1693.8689,282.7517
982,PAN,POL,37.0858,0.7041
983,PAN,PRT,102.4317,3.7723
984,PAN,RUS,42.5785,1.6252
985,PAN,TWN,6558.2482,478.578
986,PAN,USA,1682.5485,563.5186
987,PAN,VEN,11665.0656,1111.772
988,PAN,VUT,154.3205,2.2915
989,PCN,CHN,2.235,0
990,PER,CHN,45909.5539,53.6419
991,PER,COK,23.3836,8.989
992,PER,ECU,1530.9119,144.917
993,PER,ESP,3977.8174,150.9093
994,PER,GUY,125.4749,26.6561
995,PER,HND,1372.2657,98.2115
996,PER,JPN,180.3808,10.7283
997,PER,KNA,2717.3118,0.0991
998,PER,KOR,134.1197,0
999,PER,NIC,2.2221,0
1000,PER,PAN,430.8039,11.2043
1001,PER,PER,355231.8529,15711.3615
1002,PER,POL,3.5685,0
1003,PER,PRT,524.4058,8.6773
1004,PER,SLV,31.0055,0
1005,PER,TWN,20.4996,0
1006,PER,USA,218.1053,0
1007,PHL,CHN,195.2272,0
1008,PHL,FSM,394.3521,0
1009,PHL,JPN,4.8443,0
1010,PHL,KIR,373.2665,0
1011,PHL,MYS,252.1434,142.5242
1012,PHL,NRU,1316.1109,0
1013,PHL,PHL,532.5686,15.9387
1014,PHL,PNG,6321.7931,2.5241
1015,PHL,SLB,3.4319,0
1016,PHL,TWN,3862.4203,66.1845
1017,PHL,UNK,0,0
1018,PHL,USA,2311.5148,69.8401
1019,PHL,VUT,80.2102,0
1020,PLW,ALB,15.5076,5.5295
1021,PLW,CHN,1715.3721,0
1022,PLW,FSM,147.4905,0
1023,PLW,PHL,3.0811,0
1024,PLW,TWN,17590.0055,170.0012
1025,PLW,USA,8.908,0
1026,PLW,VUT,1.5777,0
1027,PNG,AUS,23.4424,0
1028,PNG,CHN,332.5797,26.5242
1029,PNG,FSM,175.781,24.2485
1030,PNG,JPN,2419.6795,177.7708
1031,PNG,KOR,150.4777,0
1032,PNG,PHL,4155.3613,280.2939
1033,PNG,PNG,14877.9373,1954.0243
1034,PNG,SLB,96.3187,3.1732
1035,PNG,TWN,16753.0926,5288.4362
1036,PNG,UNK,174.4084,23.6641
1037,PNG,USA,17.2868,0
1038,PNG,VUT,1473.3565,342.1085
1039,POL,DEU,656.0665,257.5231
1040,POL,DNK,460.6631,138.0677
1041,POL,FIN,351.6642,255.9089
1042,POL,GBR,8.9429,0
1043,POL,ISL,17.6474,0.1661
1044,POL,LTU,1722.2988,767.2864
1045,POL,LVA,757.1708,169.9067
1046,POL,NOR,61.911,3.4388
1047,POL,POL,153197.516,42641.6368
1048,POL,RUS,4221.7687,3185.6343
1049,POL,SWE,795.2601,52.1875
1050,PRI,ESP,0.2466,0
1051,PRI,JPN,30.4373,0
1052,PRI,PAN,0.8483,0
1053,PRI,POL,6.088,0
1054,PRI,USA,52.2849,0
1055,PRK,CHN,1910.9088,707.9636
1056,PRK,RUS,97.0785,17.0477
1057,PRT,AGO,2.831,0
1058,PRT,ARG,3.8452,0
1059,PRT,BLZ,31.0668,7.1593
1060,PRT,DEU,280.034,0.1163
1061,PRT,ESP,67257.6376,6887.5801
1062,PRT,EST,37.9865,8.4036
1063,PRT,FLK,1.962,0
1064,PRT,FRA,39.7211,0
1065,PRT,GBR,0.5396,0
1066,PRT,IDN,1381.6359,0
1067,PRT,ISL,0.839,0
1068,PRT,MAR,9.0055,0
1069,PRT,NAM,1.2822,0
1070,PRT,NLD,12.5233,0
1071,PRT,NOR,80.6473,43.5808
1072,PRT,PRT,728093.0028,174790.332
1073,PRT,SEN,0.2583,0
1074,PSE,GRC,32.7895,4.6205
1075,PSE,ISR,54.8879,53.4479
1076,PYF,CHN,1795.0964,229.1796
1077,PYF,ECU,0.8863,0
1078,PYF,ESP,59.9052,8.4815
1079,PYF,JPN,232.9494,13.8325
1080,PYF,KOR,100.59,0
1081,PYF,MEX,6.8799,0
1082,PYF,NIC,6.6559,0
1083,PYF,PAN,6.6391,0
1084,PYF,PYF,10159.572,3414.9735
1085,PYF,RUS,5.045,0
1086,PYF,TWN,148.1512,1.585
1087,PYF,USA,180.5795,28.7
1088,PYF,VUT,68.3187,0
1089,QAT,BHR,0.9624,0
1090,QAT,IRN,68.7593,3.3849
1091,QAT,KNA,56.1874,8.3946
1092,QAT,QAT,36139.8964,18102.8081
1093,REU,CHN,7.1349,0
1094,REU,FRA,65636.9597,729.3894
1095,REU,KOR,4.1022,0
1096,REU,LVA,4.5902,0
1097,REU,SYC,3.0252,0
1098,REU,TWN,0.0686,0
1099,ROU,BGR,496.7654,286.5834
1100,ROU,ROU,2608.1036,1466.9289
1101,RUS,BLZ,13.8649,0
1102,RUS,CHN,19.2618,7.6626
1103,RUS,CYP,4086.5727,2075.3082
1104,RUS,FIN,26.8867,0
1105,RUS,FRO,155.6269,34.8137
1106,RUS,GRL,7.5082,1.3743
1107,RUS,ISL,205.8744,74.5903
1108,RUS,KOR,2973.7469,715.6627
1109,RUS,LBR,1001.5747,137.4043
1110,RUS,LVA,3290.4688,2.6075
1111,RUS,NOR,1145.8112,790.8648
1112,RUS,POL,0.2663,0
1113,RUS,RUS,1465537.424,271153.2337
1114,RUS,UKR,3985.5676,2069.9922
1115,SAU,BHR,822.59,143.4994
1116,SAU,SAU,33434.5816,16092.5017
1117,SDN,ESP,5.5191,0
1118,SDN,FRA,0.6638,0
1119,SDN,RUS,3.1616,0
1120,SDN,SEN,1.8432,0
1121,SEN,AGO,273.1741,13.7786
1122,SEN,BLZ,18.9905,0.4988
1123,SEN,CHN,20834.6542,809.4589
1124,SEN,CIV,734.6895,65.5743
1125,SEN,CPV,28.994,1.9286
1126,SEN,CUW,637.5973,0.7588
1127,SEN,ESP,30692.7832,2050.8814
1128,SEN,FRA,3395.8131,324.3305
1129,SEN,GMB,298.1664,0
1130,SEN,GNB,6881.2014,5.512
1131,SEN,GTM,4.4168,0
1132,SEN,ISL,92.6726,0
1133,SEN,ITA,12991.3889,51.4439
1134,SEN,KOR,2319.0126,66.1569
1135,SEN,MRT,1.9263,0.4161
1136,SEN,NOR,388.7457,89.3294
1137,SEN,PAN,306.615,0
1138,SEN,SEN,76315.4684,25262.9117
1139,SEN,SOM,65.0026,60.7759
1140,SEN,TUR,532.5983,0
1141,SEN,TWN,8529.2593,62.5987
1142,SGP,CHN,9495.3812,395.9424
1143,SGP,COK,27.3299,13.2899
1144,SGP,GNQ,16132.0488,1002.8882
1145,SGP,IDN,1298.517,163.4198
1146,SGP,JPN,51.8105,4.6686
1147,SGP,KOR,0.7081,0
1148,SGP,LBR,177.4244,59.5631
1149,SGP,MUS,24.3877,0.0916
1150,SGP,RUS,21.4465,0
1151,SGP,SEN,0.3391,0
1152,SGP,SGP,19762.3421,6000.6961
1153,SGP,SYC,6844.4161,10.55
1154,SGP,TWN,9086.0904,10.4263
1155,SGP,VUT,27.4715,0
1156,SGS,CHL,76.3427,25.0722
1157,SGS,CHN,339.1642,213.8004
1158,SGS,FLK,74.1253,33.5111
1159,SGS,GBR,158.6524,55.2675
1160,SGS,KOR,16.3308,0
1161,SGS,NOR,339.0944,234.9325
1162,SGS,NZL,491.7771,263.2553
1163,SGS,SHN,290.2407,80.5717
1164,SGS,URY,143.3761,59.5729
1165,SHN,CHN,8.6176,0
1166,SHN,FLK,6.7708,0
1167,SHN,GBR,1431.1907,564.76
1168,SHN,SHN,4666.2156,429.4194
1169,SHN,TWN,1.7817,0
1170,SJM,BLZ,61.7237,20.6733
1171,SJM,DEU,3.9205,1.6362
1172,SJM,DNK,3.0814,0
1173,SJM,ESP,10.9662,0
1174,SJM,FRA,14.8809,11.4225
1175,SJM,FRO,923.4519,852.7438
1176,SJM,GBR,26.8438,18.7649
1177,SJM,LTU,510.6569,397.3985
1178,SJM,NOR,5083.2752,2319.5094
1179,SJM,POL,0.058,0
1180,SJM,RUS,9316.1864,2388.2508
1181,SLB,CHN,4441.2573,863.3828
1182,SLB,FJI,650.4264,7.4582
1183,SLB,FSM,1741.3148,38.4362
1184,SLB,JPN,106.1287,0
1185,SLB,KIR,8.901,0.0494
1186,SLB,KOR,333.5481,16.8367
1187,SLB,PHL,98.7946,0
1188,SLB,PNG,215.1904,0
1189,SLB,SLB,202.0836,25.7876
1190,SLB,TWN,28925.9676,2030.5147
1191,SLB,USA,10.1749,3.8741
1192,SLB,VUT,97.221,3.4549
1193,SLE,CHN,424.9387,70.5708
1194,SLE,GIN,308.2489,1.7147
1195,SLE,GNB,83.4096,0
1196,SLE,ITA,3325.9211,559.4289
1197,SLE,SEN,3.7592,0
1198,SLE,TUR,10.7748,0.6125
1199,SLV,ECU,13.9201,0
1200,SLV,NIC,56.8934,17.6739
1201,SLV,PAN,21.8512,0
1202,SLV,SLV,91.0347,0
1203,SLV,USA,15.7234,0
1204,SLV,VEN,15.2052,0
1205,SOM,CHN,212.4945,0
1206,SOM,FRA,0.1444,0
1207,SOM,IRN,268.4147,90.155
1208,SPM,CAN,810.646,63.3865
1209,SPM,FRA,4102.1442,1.2207
1210,SPM,FRO,425.4513,0
1211,SPM,SPM,7882.411,187.5422
1212,STP,BLZ,11.0555,0
1213,STP,CPV,1.357,0
1214,STP,CUW,5.4212,0
1215,STP,ESP,1.6058,0
1216,STP,GTM,14.6334,0
1217,STP,NGA,2.5653,0
1218,STP,PAN,6.8689,0
1219,STP,SEN,5.0819,0
1220,STP,SLV,16.0862,0
1221,SUR,CHN,8972.2604,396.6817
1222,SUR,IRL,0.7221,0
1223,SUR,USA,216.477,146.4911
1224,SVN,ITA,8492.6691,1563.3053
1225,SVN,SVN,1120.7639,1063.2057
1226,SWE,CHE,145.1526,34.591
1227,SWE,DEU,3750.8279,238.7296
1228,SWE,DNK,47891.814,26410.248
1229,SWE,EST,383.9936,45.7267
1230,SWE,FIN,4332.3846,1258.4627
1231,SWE,ISL,16.4826,0
1232,SWE,LTU,836.9568,92.8488
1233,SWE,LVA,39.5967,0
1234,SWE,NLD,0.0836,0
1235,SWE,NOR,9091.6214,3390.6236
1236,SWE,PAN,5.617,3.0481
1237,SWE,POL,1181.3967,490.1534
1238,SWE,RUS,360.5884,1.468
1239,SWE,SWE,731791.9728,84204.4068
1240,SXM,KNA,8.2975,0
1241,SXM,USA,1.6671,0
1242,SXM,VCT,905.6879,139.9721
1243,SYC,CHN,4441.3647,982.6873
1244,SYC,ESP,2234.6589,0
1245,SYC,FRA,8828.8919,11.3658
1246,SYC,ITA,999.6097,0
1247,SYC,KEN,166.9913,0
1248,SYC,KOR,8.4039,0
1249,SYC,MUS,4587.714,0.3113
1250,SYC,NAM,23.7451,0
1251,SYC,REU,8833.1902,8.1043
1252,SYC,SYC,12346.6334,436.519
1253,SYC,TWN,1684.1564,11.8081
1254,SYR,EGY,27.089,23.7904
1255,SYR,MAR,11.8025,0
1256,SYR,TUR,382.4777,258.9507
1257,TCA,USA,244.3428,4.0002
1258,TGO,GHA,3.6912,0
1259,TGO,NGA,1.778,0
1260,THA,GRC,1576.1828,926.8997
1261,THA,GTM,3086.2541,1080.6556
1262,THA,MYS,560.7372,35.1581
1263,THA,THA,49753.146,24187.2836
1264,THA,TWN,4.0986,0
1265,TKL,CHN,0.3127,0
1266,TKL,COK,7.199,3.4177
1267,TKL,KOR,0.5007,0
1268,TKL,USA,0.2313,0
1269,TKL,VUT,18.6158,0.0502
1270,TLS,AUS,4.7258,0
1271,TLS,IDN,1.3966,0
1272,TON,CHN,22.6556,0
1273,TON,COK,0.968,0
1274,TON,FJI,583.2113,106.6811
1275,TON,TWN,597.5907,170.2122
1276,TTO,CAN,19.4491,0
1277,TTO,CHN,442.8897,0.328
1278,TTO,CIV,93.7507,1.8102
1279,TTO,KOR,3603.5542,4.8035
1280,TTO,NOR,81.2436,0
1281,TTO,PRT,1.715,0
1282,TTO,TWN,5609.548,12.3129
1283,TTO,VCT,3815.3997,12.1958
1284,TTO,VEN,876.7694,18.6409
1285,TUN,CHN,15.8677,0
1286,TUN,CPV,2.4922,0
1287,TUN,DZA,407.7576,4.2183
1288,TUN,ESP,58.5263,16.7137
1289,TUN,FRA,518.6696,9.5988
1290,TUN,ITA,3476.8903,2121.7094
1291,TUN,LBY,458.6098,381.0897
1292,TUN,MAR,23.2706,0
1293,TUN,MLT,18.3055,17.4432
1294,TUN,PRT,61.3151,48.1449
1295,TUN,RUS,11.2559,0
1296,TUN,TUN,8163.5803,2834.2915
1297,TUN,TUR,32.3417,0
1298,TUR,ALB,2275.3843,0
1299,TUR,BLZ,58.3198,0
1300,TUR,EGY,36.6053,12.665
1301,TUR,ESP,7.8317,0
1302,TUR,GEO,895.8172,195.267
1303,TUR,GRC,4158.3188,2943.4228
1304,TUR,ITA,290.1922,166.3381
1305,TUR,MAR,1177.6635,49.4404
1306,TUR,TUR,642760.3378,200052.9884
1307,TUV,CHN,5.2285,0
1308,TUV,FJI,1.8711,0
1309,TUV,FSM,374.6732,0.2783
1310,TUV,JPN,4.7902,1.2958
1311,TUV,KIR,661.1626,1.4469
1312,TUV,KOR,2348.9706,66.3324
1313,TUV,MHL,1.2721,0
1314,TUV,NRU,281.2323,0
1315,TUV,PHL,1.4832,0
1316,TUV,PNG,283.172,1.4466
1317,TUV,SLB,183.4077,0
1318,TUV,TUV,230.5753,0.3958
1319,TUV,TWN,501.0347,73.2207
1320,TUV,USA,178.1545,0
1321,TUV,VUT,615.4087,33.3247
1322,TWN,ALB,24.1888,0
1323,TWN,CHN,8726.4826,3289.5081
1324,TWN,FSM,999.0819,2.012
1325,TWN,HKG,95.326,53.9517
1326,TWN,JPN,121.7371,0
1327,TWN,KOR,5.7263,0
1328,TWN,LVA,0.2688,0
1329,TWN,NRU,38.3547,0
1330,TWN,PHL,686.3298,0.1983
1331,TWN,PNG,2285.7975,0.1963
1332,TWN,RUS,4269.7707,0
1333,TWN,SLB,241.1339,0
1334,TWN,SYC,3475.0021,7.9146
1335,TWN,TWN,1237580.907,430548.9848
1336,TWN,UNK,159245.6501,49665.6901
1337,TWN,USA,3016.3167,24.3398
1338,TWN,VUT,14735.961,85.2271
1339,TWN,ZAF,5.1202,0
1340,TZA,KEN,24.8972,14.0976
1341,TZA,NAM,5.2125,3.1362
1342,UKR,RUS,48682.2617,17909.7377
1343,UKR,UKR,19051.4054,5839.1477
1344,UMI,CHN,7.998,0
1345,UMI,KIR,0.0552,0
1346,UMI,KOR,1.6005,0
1347,UMI,MHL,0.8279,0
1348,UMI,NRU,0.0988,0
1349,UMI,USA,1.0562,0
1350,URY,ARG,930.8458,594.1407
1351,URY,BLZ,1423.4218,18.834
1352,URY,BRA,91.751,74.8506
1353,URY,CHL,443.9328,2.3627
1354,URY,CHN,4762.612,361.1596
1355,URY,ESP,13244.2688,179.6782
1356,URY,FLK,2104.8414,32.9012
1357,URY,GBR,1401.4462,0
1358,URY,KIR,181.9778,0
1359,URY,KOR,21148.1818,158.996
1360,URY,NOR,260.3641,51.2648
1361,URY,PRT,1289.1511,50.8829
1362,URY,SHN,7.8164,0
1363,URY,TWN,2964.8049,22.2983
1364,URY,URY,117396.5875,21063.097
1365,URY,VUT,6.6951,0
1366,USA,BMU,14.5862,0
1367,USA,CAN,35051.75,2095.7426
1368,USA,ISL,231.054,12.2667
1369,USA,TCA,417.5508,0.9088
1370,USA,USA,2337523.964,370899.1351
1371,VCT,CAN,63.2693,33.818
1372,VCT,ESP,2.7942,0
1373,VCT,JPN,28.4373,0
1374,VCT,PRT,8.8837,0
1375,VCT,VCT,1083.0448,0
1376,VCT,YEM,42.6967,1.1225
1377,VEN,CAN,1.9588,0
1378,VEN,CHN,6.4791,1.9758
1379,VEN,RUS,3.8707,0
1380,VEN,VCT,5.2243,0
1381,VEN,VEN,23442.3929,5503.7883
1382,VGB,USA,11.4141,0.4286
1383,VGB,VCT,755.2788,8.6096
1384,VIR,USA,138.9511,0
1385,VIR,VCT,2.1746,0
1386,VNM,BRN,316.985,87.4242
1387,VNM,CAN,108.9709,0
1388,VNM,CHN,40358.9674,28396.3738
1389,VNM,HKG,38.7574,23.9186
1390,VNM,KOR,32.4165,32.4165
1391,VNM,UNK,510.2202,218.7396
1392,VNM,VNM,129286.9214,60818.9912
1393,VUT,CHN,2501.1587,128.6466
1394,VUT,FJI,73.2353,0
1395,VUT,TWN,25.6352,0
1396,WLF,CAN,2.6359,0
1397,WLF,CHN,16.4469,0
1398,WLF,KIR,2.4965,0
1399,WLF,NRU,0.9524,0
1400,WLF,VUT,1.1843,0
1401,WSM,CHN,1712.6085,579.9912
1402,WSM,COK,607.3124,91.6943
1403,WSM,FSM,62.2872,12.3812
1404,WSM,KOR,25.0961,9.1924
1405,WSM,NZL,21.7726,0
1406,WSM,PNG,35.7075,25.1695
1407,WSM,TWN,317.1998,64.7397
1408,WSM,USA,38.2223,3.9738
1409,WSM,VUT,666.3667,99.9748
1410,YEM,CHN,31.4191,0
1411,YEM,ESP,0.2105,0
1412,YEM,FRA,1.5395,0
1413,YEM,RUS,4.7057,0
1414,YEM,SEN,10.0487,0
1415,YEM,TUR,15.7847,0
1416,ZAF,AUS,39.5178,0.135
1417,ZAF,BLZ,1327.0744,953.7243
1418,ZAF,CHN,1224.5482,118.566
1419,ZAF,CIV,43.1513,17.4717
1420,ZAF,COK,16.8998,0.2997
1421,ZAF,ESP,267.0292,56.9867
1422,ZAF,GBR,36.8359,12.0007
1423,ZAF,GEO,83.2607,2.1686
1424,ZAF,JPN,1300.7948,195.668
1425,ZAF,KOR,360.2223,65.6403
1426,ZAF,MOZ,169.1572,0.7188
1427,ZAF,NAM,1631.9176,549.5739
1428,ZAF,NOR,5.5565,0
1429,ZAF,PRT,110.9993,5.9503
1430,ZAF,SYC,64.9372,3.3287
1431,ZAF,TWN,1210.1911,127.0949
1432,ZAF,UKR,27.4076,12.1526
1433,ZAF,UNK,64.9094,0
1434,ZAF,VUT,57.5339,0
1435,ZAF,ZAF,257441.0757,42781.0264