"","Alpha.3.code","exposure_scaled","sensitivity_scaled","adaptive_capacity_scaled","adaptive_capacity_inverse_scaled","index_mean_scaled","crit_1_1","crit_1_1_A","crit_1_1_B","crit_1_2","crit_2_1","crit_2_1_A","crit_2_1_B","crit_2_1_C","crit_2_1_D","crit_2_2","crit_2_2_A","crit_2_2_B","crit_2_2_C","crit_3_1","crit_3_2","crit_3_2_A","crit_3_2_B","crit_3_2_C","crit_3_2_D","crit_3_2_E","crit_3_2_F","crit_3_1_inverse","crit_3_2_inverse","crit_3_2_A_inverse","crit_3_2_B_inverse","crit_3_2_C_inverse","crit_3_2_D_inverse","crit_3_2_E_inverse","crit_3_2_F_inverse","cfa_vulnerability_score","cfa_mean_vulnerability","SIFI_Index","Continent","country","has_PAA"
"1","AGO",0.653119880792679,0.920042997549596,0.274256618393354,0.684457766473338,0.938407721258998,0.62140503836989,0.60043676216227,0.645908816552346,0.61885134630969,0.361299490525776,0.00697586951278389,0.0197515312190479,0.770406585209161,0.622478458661206,1,0.506947899014266,1,0.695397773044388,0.343844492440605,0.320116216041916,0.163374840966327,0.298516967845597,0.543022230136703,0.295512625130011,0.294327967723787,0.325942664449071,0.656155507559395,0.679883783958084,0.836625159033673,0.701483032154403,0.456977769863297,0.704487374869989,0.705672032276213,0.674057335550929,0.0467170792667663,0.0467170792667663,0.721441415361725,"Africa","Angola","Has PAA"
"2","ALB",0.496895996098337,0.193075137385513,0.54399552812453,0.318402672085584,0.372963724784965,0.521685003589899,0.502103311902855,0.545733430933223,0.499381005412711,0.146973411405911,0.000470022553759344,0.00129070498706712,0.606645882175349,0,0.138701374290097,0.302455732757644,0.224220080964337,0,0.723974082073434,0.530731491663064,0.318557887011014,0.547801985223728,0.684903115618768,0.577130981699643,0.443882085365211,0.612112895060021,0.276025917926566,0.469268508336936,0.681442112988986,0.452198014776272,0.315096884381232,0.422869018300357,0.556117914634789,0.387887104939979,-0.0227844655783013,-0.0227844655783013,0.309767179108756,"Europe","Albania","Has PAA"
"3","ARE",0.619632110409944,0.564993415989155,0.714006450786316,0.181481649034112,0.555888476486308,0.601377456245261,0.509909307094188,0.696568134572608,0.591893814825493,0.293676167761124,0.00437195618877222,0.00835891283770434,0.752005424179631,0.398927672208045,0.542290467912328,0.473123417251449,0.435134750815136,0.40360649787118,0.853131749460043,0.672929337953171,0.735621673688447,0.82905297996126,0.757982643677347,0.719949865588178,0.717249853531471,0.277719011272325,0.146868250539957,0.327070662046829,0.264378326311553,0.17094702003874,0.242017356322653,0.280050134411822,0.282750146468529,0.722280988727675,-0.048534868593816,-0.048534868593816,0.157241396865363,"Asia","United Arab Emirates","No PAA"
"4","ARG",0.544036205351229,0.488439360039843,0.555682136611558,0.267187722048775,0.523430580045773,0.61793996381103,0.667546521529669,0.571901266601245,0.46926625285476,0.245252510521209,0.000613769736794467,0.00581688905877324,0.669942635932722,0.304011279485078,0.477444421845945,0.320545185858684,0.4239898683801,0.44117062156221,0.817278617710583,0.535334838668697,0.427815846171292,0.528831162838294,0.611615178131479,0.461809110820696,0.478600132591363,0.703337601459058,0.182721382289417,0.464665161331303,0.572184153828708,0.471168837161706,0.388384821868521,0.538190889179304,0.521399867408637,0.296662398540942,-0.0418794314010586,-0.0418794314010586,0.196663139639077,"Americas","Argentina","No PAA"
"5","AUS",0.642721662919462,0.576052108393774,0.944844544839714,0.0333257039496406,0.499791671260832,0.732078344837611,0.69075762373151,0.775901047314118,0.493588790019762,0.323972642900419,0.0150871797768267,0.00290037358774663,0.628609078565918,0.63173689451142,0.528356480587607,0.443804117200089,0.527863513151535,0.31308824675319,0.96414686825054,0.892440785277194,0.898759506194992,0.864346320982601,0.805200239188217,0.939189775691688,0.924513689134601,0.922635180471063,0.03585313174946,0.107559214722806,0.101240493805008,0.135653679017399,0.194799760811783,0.060810224308312,0.075486310865399,0.077364819528937,-0.0683584819757613,-0.0683584819757613,0.0398214040151513,"Oceania","Australia","No PAA"
"6","BEL",0.314941856671541,0,0.850055260781248,0.0775020296058298,0,0.468178451127536,0.584150776334,0.357172531517709,0.297596273479151,0,0.0000183958969868655,0.000146891137847809,0.0519595608202429,0,0,0,0.139756597896386,0.117073537137527,0.947732181425486,0.806014147427823,0.825009750742365,0.773605535536778,0.691025686426676,0.786368819533917,0.845292060185623,0.914783032141579,0.052267818574514,0.193985852572177,0.174990249257635,0.226394464463222,0.308974313573324,0.213631180466083,0.154707939814377,0.085216967858421,-0.0636511153288255,-0.0636511153288255,0.0677042600503657,"Europe","Belgium","No PAA"
"7","BEN",0.463763607131112,0.632354957276121,0.406416976488711,0.640824947263772,0.726039168692056,0.273392128419293,0.158785267025482,0.394784403844614,0.701187385902874,0.292934933919423,0.000940336355225792,0.00359899429610412,0.698438520756794,0.457880607462577,0.642700121685713,0.385195778024184,0.346004466735064,0.776012962661913,0.26133909287257,0.463985371219891,0.353072972935927,0.4023647675022,0.580785213230629,0.440702949764282,0.379358986668114,0.627627337218192,0.73866090712743,0.536014628780109,0.646927027064073,0.5976352324978,0.419214786769371,0.559297050235718,0.620641013331886,0.372372662781808,0.06421134812708,0.06421134812708,0.825064144725918,"Africa","Benin","Has PAA"
"8","BGD",0.659143764753642,0.816437575704812,0.303010977795035,0.63882170101592,0.882700739902833,0.481976707135903,0.260019790970555,0.708771174141985,0.766731505450923,0.465641818741459,0.100542851143084,0.0938234052142157,0.806586427758511,0.81358652731637,0.742362653672503,0.413047379657624,0.310961557725653,0.977099274477408,0.381425485961123,0.346769984864664,0.223067951147846,0.363395047472881,0.39865026615254,0.3336485980758,0.387325871211231,0.374532175127688,0.618574514038877,0.653230015135336,0.776932048852154,0.636604952527119,0.60134973384746,0.6663514019242,0.612674128788769,0.625467824872312,0.0398176874567993,0.0398176874567993,0.680574671171942,"Asia","Bangladesh","Has PAA"
"9","BGR",0.512475042709842,0.699811606516971,0.599796583818333,0.278697218902969,0.615193405968711,0.473682805299776,0.562152537925144,0.390128075962459,0.569241430350738,0.156090795727179,0.000828595101966168,0.00151701419065243,0.640569518428843,0,0.879353401938402,0.530171323986746,0.75887742159865,0.67857709545524,0.747732181425486,0.582514558391671,0.410852420489394,0.581361401256985,0.692499385334848,0.641929522189213,0.526592276541705,0.641852344537883,0.252267818574514,0.417485441608329,0.589147579510606,0.418638598743015,0.307500614665152,0.358070477810787,0.473407723458295,0.358147655462117,-0.0296992341576972,-0.0296992341576972,0.268809354644069,"Europe","Bulgaria","No PAA"
"10","BHR",0.550439587665724,0.761192922942386,0.500228738235379,0.300168907182844,0.670585085173166,0.437339358702661,0.504039581413367,0.375893531876948,0.658851142138774,0.292345991179743,0.00172412474384297,0.00331521998804209,0.788685712767995,0.364904303592314,0.833918260548816,0.542321203177236,0.7268110779174,0.610098786445646,0.813390928725702,0.475696125255452,0.411910809056166,0.561707353078468,0.43751078319976,0.613248964359826,0.627455625566005,0.202343216272488,0.186609071274298,0.524303874744548,0.588089190943834,0.438292646921532,0.56248921680024,0.386751035640174,0.372544374433995,0.797656783727512,-0.0433297594385455,-0.0433297594385455,0.188072500560771,"Asia","Bahrain","No PAA"
"11","BHS",0.341570312793286,0.629606040064671,0.688234615714389,0.223248389037112,0.470659499109256,0.397184429451906,0.25688948258265,0.543108758262637,0.405951427944703,0.220928798555271,0.00120004636317219,0.00204905066356054,0.75084275965654,0.134229553057138,0.710638947576927,0.559515687667417,0.606327148768881,0.473546412323437,0.770194384449244,0.669799708440514,0.730511163198144,0.638460499867226,0.784062354870728,0.548430755991506,0.555455345514072,0.761878131201405,0.229805615550756,0.330200291559486,0.269488836801856,0.361539500132774,0.215937645129272,0.451569244008494,0.444544654485928,0.238121868798595,-0.0327956714006327,-0.0327956714006327,0.250468417907593,"Americas","Bahamas","Has PAA"
"12","BLZ",0.243748960135637,0.600478393680223,0.452690449567498,0.43512450124441,0.51337788870453,0.175259342074521,0,0.358220509372144,0.490627982037882,0.269091597717797,0.000377447752451764,0.00191055330501832,0.826525347333451,0.241800127091216,0.619378760260835,0.528732118022239,0.418309411085846,0.514799607316407,0.577969762419006,0.468553801667288,0.414177392483268,0.396403969080193,0.610753291114522,0.370335542801589,0.345428095183905,0.674224519340252,0.422030237580994,0.531446198332712,0.585822607516732,0.603596030919807,0.389246708885478,0.629664457198411,0.654571904816095,0.325775480659748,0.00310367544063196,0.00310367544063196,0.463108816416762,"Americas","Belize","No PAA"
"13","BRA",0.664444219638457,0.573283737581375,0.475938009823136,0.383546684321843,0.67484966565139,0.690882964030215,0.664362945438207,0.720289666286529,0.565262067195032,0.42158140259103,0.0596941687554712,0.130560071695789,0.806766418147202,0.650753655087673,0.426651627794237,0.365026488931418,0.357811878267482,0.364049138605599,0.655723542116631,0.480311068833481,0.34402099431404,0.427691014708122,0.535336092834168,0.446381341050467,0.470017088185115,0.658419881908976,0.344276457883369,0.519688931166519,0.65597900568596,0.572308985291878,0.464663907165832,0.553618658949533,0.529982911814885,0.341580118091024,-0.0109094764361702,-0.0109094764361702,0.380105573694039,"Americas","Brazil","No PAA"
"14","BRB",0.216906989549721,0.553264074217923,0.729686892197625,0.224312133767858,0.365429035688437,0.115346181272865,0.0623281933094362,0.176625492392016,0.512880437959818,0.199434197443024,0.000507454672674533,0.000554635109500079,0.728561324356761,0.0773427731646833,0.61917765479106,0.491600636838315,0.628737091396642,0.341112154373505,0.719222462203024,0.718618340824189,0.800360372484589,0.614495534282741,0.794041926740008,0.633931727628667,0.623396377706133,0.845484106102996,0.280777537796976,0.281381659175811,0.199639627515411,0.385504465717259,0.205958073259992,0.366068272371333,0.376603622293867,0.154515893897004,-0.0228793523874934,-0.0228793523874934,0.309205141893731,"Americas","Barbados","No PAA"
"15","CAN",0.593404747416987,0.621557742296673,0.946738911497009,0.0362322701337408,0.49933869035859,0.721599350331823,0.715574934059341,0.730223605869093,0.434873542829623,0.298633528179444,0.00901415494783637,0.0168521261442981,0.732413343416419,0.424147525084994,0.621025922709644,0.478442648131869,0.792386640855982,0.194216427572802,0.953347732181426,0.896357012254696,0.915535269027032,0.889899833001594,0.808157613298217,0.881177224728259,0.937174408270563,0.946197725202511,0.046652267818574,0.103642987745304,0.084464730972968,0.110100166998406,0.191842386701783,0.118822775271741,0.062825591729437,0.053802274797489,-0.06640267778267,-0.06640267778267,0.0514060989920192,"Americas","Canada","No PAA"
"16","CHL",0.701140189399259,0.589127874360457,0.789934901563607,0.158931033449075,0.595589001404688,0.695858870168143,0.642707633830017,0.751850322764084,0.611772548131898,0.34196358354474,0.0275387307658149,0.0264274913059817,0.81161139571996,0.480850076591325,0.52971249828772,0.564192564246312,0.193002195107269,0.530199271255283,0.811231101511879,0.762554426222555,0.700857940717979,0.75486676338631,0.693634072381754,0.81046493766601,0.787724511910303,0.827778331272976,0.188768898488121,0.237445573777445,0.299142059282021,0.24513323661369,0.306365927618246,0.18953506233399,0.212275488089697,0.172221668727024,-0.0397543250485134,-0.0397543250485134,0.209250651709357,"Americas","Chile","Has PAA"
"17","CHN",1,1,0.454133857642028,0.42177894969752,1,1,1,1,0.726947544566469,1,1,1,0.837039115951899,1,0.479604207793988,0.457014768885004,0.392736618028094,0.340156186006461,0.61511879049676,0.454199203801291,0.381018089652001,0.625210542540798,0.554753542039555,0.485553009108535,0.487364982698583,0.191295056768275,0.38488120950324,0.545800796198709,0.618981910347999,0.374789457459202,0.445246457960445,0.514446990891465,0.512635017301417,0.808704943231725,-0.00377645007373455,-0.00377645007373455,0.422356191093609,"Asia","China","No PAA"
"18","CIV",0.636161327858908,0.700791124903092,0.356771349860097,0.693638455980224,0.849193954970768,0.564896128011579,0.533286723332526,0.600568742068933,0.651566509663414,0.336628535567525,0.00455140020169187,0.0115256274995706,0.737511724352129,0.57264624311975,0.700264961623772,0.430371961837553,0.467604870588976,0.721229665480467,0.230669546436285,0.420660305539534,0.324232731840255,0.401396574107919,0.419148757061061,0.473311413720532,0.401156035221776,0.504716321285663,0.769330453563715,0.579339694460466,0.675767268159745,0.598603425892081,0.580851242938939,0.526688586279468,0.598843964778224,0.495283678714337,0.0701800515856754,0.0701800515856754,0.860418199707217,"Africa","Côte d’Ivoire","No PAA"
"19","CMR",0.650509216447095,0.742190736773895,0.237749759012766,0.727793676576887,0.885108994919191,0.556560110651558,0.580539005932318,0.536722270491452,0.680033373826847,0.329678863814157,0.0025607673825719,0.0153238126353497,0.767753309342854,0.514293194034452,0.768469673302218,0.477007719308524,0.614803030468075,0.660089074399107,0.313606911447084,0.291568048203996,0.162077151113454,0.352445574905419,0.329139984802847,0.339559136257086,0.287112525459526,0.279073916685644,0.686393088552916,0.708431951796004,0.837922848886546,0.647554425094581,0.670860015197153,0.660440863742914,0.712887474540474,0.720926083314356,0.052977829140056,0.052977829140056,0.75852533095242,"Africa","Cameroon","Has PAA"
"20","COD",0.547961520620244,0.58068242481513,0.0723839911096165,0.978584183267084,0.879859158846969,0.291497388298023,0.249331469878401,0.340279645118089,0.801216253369707,0.296371235173493,0.000459336919394107,0.000537201875557702,0.737511724352129,0.435356301369629,0.562808923974988,0.471822045169396,0.160583098007626,0.719378497826408,0.147300215982721,0.156236962033656,0.0739404089455117,0.191122486932487,0.179348869774967,0.191300556611956,0.126434097371868,0.175275352565145,0.852699784017279,0.843763037966344,0.926059591054488,0.808877513067513,0.820651130225033,0.808699443388044,0.873565902628132,0.824724647434855,0.0845503886872754,0.0845503886872754,0.945537135756574,"Africa","Congo - Kinshasa","No PAA"
"21","COG",0.579387536487317,0.708285788080272,0.230595966875316,0.703346140282077,0.833131010441495,0.473512330453991,0.396089922237977,0.55585133393422,0.663293674154344,0.298729177500984,0.0028762560618536,0.00225340690588507,0.737511724352129,0.440147786755513,0.749253454863266,0.533829737662912,0.426275492619478,0.754409142357473,0.363282937365011,0.274795292101212,0.109975414422127,0.263235163109183,0.517973598234621,0.21590298527634,0.282195424708562,0.259489166856436,0.636717062634989,0.725204707898788,0.890024585577873,0.736764836890817,0.482026401765379,0.78409701472366,0.717804575291438,0.740510833143564,0.0432311453870257,0.0432311453870257,0.700793397094367,"Africa","Congo - Brazzaville","Has PAA"
"22","COL",0.506810716513122,0.579288536058142,0.488897509644885,0.377675566258873,0.602454421131428,0.475920434499453,0.365982408957249,0.590752567271239,0.559056451810432,0.293612157221984,0.00501410253941804,0.0151588425882283,0.72105694341448,0.422191802469125,0.563505598256462,0.408980541753424,0.28471162444138,0.659446865447478,0.653563714902808,0.492905012282312,0.373479501011211,0.505071970395329,0.442985380581438,0.587256730864527,0.440332199062191,0.608304291779173,0.346436285097192,0.507094987717688,0.626520498988789,0.494928029604671,0.557014619418562,0.412743269135473,0.559667800937809,0.391695708220827,-0.0110202891137434,-0.0110202891137434,0.379449203759978,"Americas","Colombia","Has PAA"
"23","COM",0.18015301698208,0.741662782567905,0.27471160307671,0.713382260729967,0.681097394237042,0.093360132190239,0,0.195186903844732,0.483298718960857,0.27749540805774,0.000449229715043554,0.000751566085515824,0.741025069890798,0.360195311452811,0.819871965793929,0.453564054360367,0.678961230670245,0.719378497826408,0.292872570194385,0.331617489315001,0.245151108469376,0.173103023510735,0.566449360191755,0.269702215130554,0.286789599126639,0.448509629460945,0.707127429805615,0.668382510684999,0.754848891530624,0.826896976489265,0.433550639808245,0.730297784869446,0.713210400873361,0.551490370539055,0.0569261249761846,0.0569261249761846,0.781912029427431,"Africa","Comoros","No PAA"
"24","CPV",0.245410765370945,0.58126058265256,0.630771804660349,0.371879474701044,0.472761031317089,0.280121068291641,0.36304751437123,0.203917198164301,0.388097856488238,0.246801069601941,0.000212788013975979,0.00016948977443978,0.737511724352129,0.248351735432475,0.613234534315572,0.418881263592286,0.597041849185585,0.43396433660712,0.506695464362851,0.650124037174919,0.64007351997438,0.591479919493822,0.758791168652988,0.462230245154065,0.634923981179963,0.813245388594294,0.493304535637149,0.349875962825081,0.35992648002562,0.408520080506178,0.241208831347012,0.537769754845935,0.365076018820037,0.186754611405706,0.0184737885818829,0.0184737885818829,0.554149664539655,"Africa","Cape Verde","Has PAA"
"25","CRI",0.439080328429972,0.469205954149774,0.680427280716332,0.24291224888408,0.448478510508425,0.405932656065694,0.326790794726676,0.490622204195422,0.534014912302577,0.276005712890342,0.00122118258744415,0.00282386106099953,0.714076711793369,0.378661053208155,0.418233391191657,0.399808623381903,0.148871127859522,0.521829944458404,0.732181425485961,0.668313641270247,0.586127603261296,0.60407316311901,0.706016130027733,0.620574534997507,0.642505908343199,0.850584507872735,0.267818574514039,0.331686358729753,0.413872396738704,0.39592683688099,0.293983869972267,0.379425465002493,0.357494091656801,0.149415492127265,-0.0247777318572308,-0.0247777318572308,0.297960587257361,"Americas","Costa Rica","No PAA"
"26","CUB",0.278319998574666,0.407067268967061,0.427604338692377,0.399136383972983,0.413661350868003,0.342210657811311,0.181315098043768,0.509248971059566,0.37218166230615,0.219047444443208,0.000409257133510118,0.00173266975127295,0.532524647248836,0.346534071584702,0.383250999575663,0.235340668960196,0.394795875117046,0.372314365211386,0.688552915766739,0.420021263253006,0.489842480339637,0.470973361222658,0.73958741044354,0.195271929849621,0.431998898036695,0.192453499625882,0.311447084233261,0.579978736746994,0.510157519660363,0.529026638777342,0.26041258955646,0.804728070150379,0.568001101963305,0.807546500374118,-0.0174070421379564,-0.0174070421379564,0.341618941436451,"Americas","Cuba","No PAA"
"27","CYP",0.345578599385673,0.619831851491238,0.752253884490546,0.157551770846051,0.433824498922517,0.40681620250264,0.435624458060351,0.383547382753746,0.401943493052426,0.278519629883904,0.000205516643990502,0.000250844866170874,0.542414776822572,0.563426630614979,0.638586185707269,0.351187830559398,0.737558759223248,0.410462891274126,0.857883369330454,0.718850215718436,0.608110175289064,0.720016116617314,0.71752721474225,0.738783980106215,0.705166479243203,0.823497328312567,0.142116630669546,0.281149784281564,0.391889824710936,0.279983883382686,0.28247278525775,0.261216019893785,0.294833520756797,0.176502671687433,-0.049333782685019,-0.049333782685019,0.15250923804701,"Asia","Cyprus","No PAA"
"28","DEU",0.635103937472467,0.342208095988669,0.927409410284176,0.0358627217712402,0.375559818432249,0.647986509162408,0.683760377586609,0.615499912144741,0.566992553856284,0.1402426986467,0.00334539708269185,0.00379689378511667,0.575789148091566,0,0.366089840119304,0.371338033606143,0.289402562335797,0.308323010990982,0.974082073434125,0.876496860840289,0.933745792850619,0.869289405439102,0.729987686461077,0.899626574007151,0.905167072187035,0.92116463409675,0.025917926565875,0.123503139159711,0.066254207149381,0.130710594560898,0.270012313538923,0.100373425992849,0.094832927812965,0.07883536590325,-0.0699726362527876,-0.0699726362527876,0.0302603830238835,"Europe","Germany","No PAA"
"29","DJI",0.35158721099556,0.652820011727376,0.284308547635225,0.771765329733252,0.743040887961074,0.2639221195979,0.224446102023647,0.310271986704087,0.553267975947827,0.267740514937024,0.00041097913222744,0.000704754624003884,0.719394173063631,0.344989836167948,0.698174721346921,0.430197193792806,0.429837352149893,0.755105357029568,0.200863930885529,0.346785270872834,0.269974243086942,0.331200843943333,0.580440818622685,0.360137011497688,0.322928430995363,0.216030277090992,0.799136069114471,0.653214729127166,0.730025756913058,0.668799156056667,0.419559181377315,0.639862988502312,0.677071569004637,0.783969722909008,0.0753875998881008,0.0753875998881008,0.891263751053311,"Africa","Djibouti","No PAA"
"30","DNK",0.551742687459106,0.346146638757107,0.971184413261567,0.0195267824723961,0.322979999766896,0.65054970571413,0.719228656142186,0.585134090329507,0.447469113081469,0.142788158028235,0.000987749823195407,0.000928481126264394,0.590649553541949,0,0.369371865190526,0.32703341901128,0.521253776343373,0.127161642347238,0.970626349892009,0.918865404327811,0.983891649003181,0.923124974497333,0.801657481259036,0.88376085881166,0.951446794351799,0.969310668043853,0.029373650107991,0.081134595672189,0.016108350996819,0.076875025502667,0.198342518740964,0.11623914118834,0.048553205648201,0.030689331956147,-0.0687961335425933,-0.0687961335425933,0.0372290893418284,"Europe","Denmark","No PAA"
"31","DOM",0.311504602962206,0.570895068320578,0.470684596025344,0.404504423285008,0.517122954410549,0.236921144040577,0.112990181193725,0.367978104525072,0.524030931754628,0.241739516334562,0.00147756469291315,0.00306631214786482,0.69213916301153,0.270405152540276,0.602959228961401,0.336407325914817,0.420997266648212,0.672492090607749,0.624190064794817,0.475010534851094,0.261829550792957,0.437770330939697,0.614622514653314,0.49827606098317,0.442972555138645,0.594592196598783,0.375809935205183,0.524989465148906,0.738170449207043,0.562229669060303,0.385377485346686,0.50172393901683,0.557027444861355,0.405407803401217,-0.00575153129070372,-0.00575153129070372,0.410657313703964,"Americas","Dominican Republic","No PAA"
"32","DZA",0.557999493958864,0.560429828670276,0.335977301582599,0.479710770284226,0.664415401462273,0.487709142026641,0.312361436458802,0.667840866199103,0.619088307321537,0.331306304314117,0.00505925129423832,0.0115834154417129,0.735865806206122,0.553582333221933,0.497908028359687,0.37590893537682,0.363878435758381,0.485730569081839,0.627213822894169,0.344960769098464,0.289997669790643,0.428441471406143,0.446952343467804,0.237511281561177,0.356521869022813,0.310339979342204,0.372786177105831,0.655039230901536,0.710002330209357,0.571558528593857,0.553047656532196,0.762488718438823,0.643478130977187,0.689660020657796,-0.00674149098609717,-0.00674149098609717,0.404793546180079,"Africa","Algeria","No PAA"
"33","ECU",0.588225459284979,0.671198920717344,0.439585743287429,0.399671677619662,0.691765347260261,0.569675318457901,0.466868551523337,0.676500664390087,0.579530759429971,0.346582309646188,0.00688540332640476,0.0564517170444083,0.84890666116977,0.451665395164304,0.646526437713977,0.471144323101764,0.416498590583016,0.627014451018934,0.66695464362851,0.44068293895057,0.308606397733093,0.467435609905225,0.592455493689944,0.319601205739856,0.389623505753038,0.566375420882267,0.33304535637149,0.55931706104943,0.691393602266907,0.532564390094775,0.407544506310056,0.680398794260144,0.610376494246962,0.433624579117733,-0.0141761870347486,-0.0141761870347486,0.360756067237354,"Americas","Ecuador","Has PAA"
"34","EGY",0.512778811735082,0.501819220568992,0.32809190889162,0.514509860316979,0.632876633029455,0.531054573986208,0.309649447558391,0.756838938512236,0.512295865678446,0.309714055654156,0.00626323999327692,0.0259645420935119,0.737511724352129,0.454626489691709,0.432779774651623,0.287842455928285,0.269006757776996,0.541960697023431,0.571058315334773,0.34496953311032,0.302341773177172,0.398344692657347,0.371847627797232,0.324697537691457,0.439305471206762,0.23328009613195,0.428941684665227,0.65503046688968,0.697658226822828,0.601655307342653,0.628152372202768,0.675302462308543,0.560694528793238,0.76671990386805,0.00468791670774032,0.00468791670774032,0.472492655511722,"Africa","Egypt","No PAA"
"35","ERI",0.301020142935172,0.495291228857591,0.0908918813446156,0.930511986365937,0.72162416975144,0.273039746982192,0.0932230771390488,0.45964512156431,0.473202076686124,0.257360313088481,0.000497427359923902,0.000475862719093782,0.599351572223422,0.425886706603096,0.475474673212665,0.356261016724377,0.106233984680131,0.719378497826408,0.196112311015119,0.160486200121885,0.120638053689519,0.154175398103307,0.485123039268756,0.0249070060939659,0.171541387137361,0.0065323164384007,0.803887688984881,0.839513799878115,0.879361946310481,0.845824601896693,0.514876960731244,0.975092993906034,0.828458612862639,0.993467683561599,0.07607490429597,0.07607490429597,0.895334819082282,"Africa","Eritrea","No PAA"
"36","ESP",0.718161352197647,0.414136481586848,0.753622252485558,0.144884873635042,0.512300639761249,0.722833330102218,0.809548074422981,0.638706901549215,0.608679680155014,0.159064300459566,0.0170121193141375,0.00725157964469778,0.629905889250492,0,0.453693780297332,0.379760378349596,0.442478243241427,0.317259812062841,0.886393088552916,0.717573321536009,0.601516006793744,0.737370491849508,0.659143333842603,0.722954436227398,0.754306562451467,0.830149098051335,0.113606911447084,0.282426678463991,0.398483993206256,0.262629508150492,0.340856666157397,0.277045563772602,0.245693437548533,0.169850901948665,-0.0541937077545743,-0.0541937077545743,0.123722742067449,"Europe","Spain","No PAA"
"37","EST",0.359096087251415,0.337872052824865,0.849079374808579,0.106085366174112,0.2578754232837,0.401176808033586,0.465233568211622,0.34271214704424,0.426548638176687,0.151103101148758,0.000437618140530139,0.000667628292459933,0.622931884913699,0,0.348813809906905,0.383211779016703,0.485438184146847,0.0668028585730422,0.876889848812095,0.81229648000079,0.824022589323654,0.777918824290203,0.728990401105689,0.858633880129663,0.816266775464258,0.867946409691272,0.123110151187905,0.18770351999921,0.175977410676346,0.222081175709797,0.271009598894311,0.141366119870337,0.183733224535742,0.132053590308728,-0.0514648650305648,-0.0514648650305648,0.139886328744052,"Europe","Estonia","No PAA"
"38","FJI",0.446717802897025,0.71022181497413,0.575670674389507,0.351256248204426,0.623200709987677,0.471932569752446,0.526596483815023,0.422200003519876,0.478730779374522,0.304237675391866,0.00404183510994684,0.00235477793288334,0.795125837927284,0.402115915368244,0.746609510510941,0.561205365137389,0.578498484951066,0.56966668773493,0.616414686825054,0.57764060706788,0.543569905657673,0.578725253333613,0.757844331370789,0.466980356513815,0.503993932816271,0.614729862715118,0.383585313174946,0.42235939293212,0.456430094342327,0.421274746666387,0.242155668629211,0.533019643486185,0.496006067183729,0.385270137284882,-0.0037140301904312,-0.0037140301904312,0.422725918958553,"Oceania","Fiji","No PAA"
"39","FRA",0.658590235659772,0.353503130448941,0.827343532918964,0.108124369092756,0.432393113533629,0.724899007683663,0.76856249069075,0.683804550152841,0.523032574298497,0.158492365379143,0.00720138920478948,0.00666627495696574,0.638137198801254,0,0.364552353901458,0.344289998576405,0.391974666006977,0.229807739024759,0.894600431965443,0.790038746541135,0.776814043062767,0.839571294561304,0.629666178644458,0.773008066906827,0.861754689558556,0.859418206512899,0.105399568034557,0.209961253458865,0.223185956937233,0.160428705438696,0.370333821355542,0.226991933093173,0.138245310441444,0.140581793487101,-0.0548697460596926,-0.0548697460596926,0.11971840585366,"Europe","France","No PAA"
"40","GAB",0.506689686257373,0.644752042756966,0.343673871725531,0.515285058172544,0.695156997893725,0.489132823053211,0.455850982466126,0.527185387226254,0.545674251404421,0.270878606274357,0.000937407439057049,0.00133073685760147,0.713659584501137,0.361449420867276,0.683099229172619,0.534497198358395,0.490068199038529,0.561244901321945,0.555507559395248,0.359287914626703,0.236480137768955,0.349747173770419,0.55747777846355,0.320949960741156,0.37228573689577,0.318786700120368,0.444492440604752,0.640712085373297,0.763519862231045,0.650252826229581,0.44252222153645,0.679050039258844,0.62771426310423,0.681213299879632,0.00689581013201554,0.00689581013201554,0.485570535164508,"Africa","Gabon","Has PAA"
"41","GBR",0.649518728935371,0.296281629010092,0.886166852046493,0.0603623322931523,0.371766679573038,0.74800465378686,0.786776209599721,0.711586351805877,0.487199124308153,0.14892032508904,0.00760505725787948,0.00537492429456742,0.602795529541756,0,0.289459219886348,0.28956128080253,0.297829158934189,0.232587104921147,0.951187904967603,0.842012129200454,0.903837618052518,0.809952523914826,0.617440200416252,0.90239875602315,0.907035073311803,0.911408603484173,0.048812095032397,0.157987870799546,0.096162381947482,0.190047476085174,0.382559799583748,0.09760124397685,0.092964926688197,0.088591396515827,-0.0651907575215394,-0.0651907575215394,0.0585845919163514,"Europe","United Kingdom","No PAA"
"42","GHA",0.705817725990673,0.662341613039732,0.507812298952488,0.497100306895713,0.781003930049817,0.58139709776178,0.591121293505147,0.575582017399036,0.732797151853849,0.312768294822397,0.0144539937107554,0.0129577353841704,0.746057529022336,0.462456771419419,0.667235142828247,0.489392576653824,0.467788111966012,0.597765783635354,0.399568034557235,0.544346628987923,0.419981258637039,0.478358164474523,0.613631725018541,0.497643282694223,0.549721441829587,0.706743901273626,0.600431965442765,0.455653371012077,0.580018741362961,0.521641835525477,0.386368274981459,0.502356717305777,0.450278558170413,0.293256098726374,0.0380894941291423,0.0380894941291423,0.670338169669038,"Africa","Ghana","Has PAA"
"43","GIN",0.630702180570359,0.832996915552434,0.237080068584977,0.865804978000221,0.965665625699293,0.47478576150725,0.488358147502164,0.466118078864455,0.734017403690828,0.346809156464425,0.005257648098557,0.00909595122826818,0.78367151703134,0.566742656105738,0.885696584866368,0.554033998003543,0.640784098183563,0.78514850579408,0.114038876889849,0.31740843851939,0.189000664171972,0.315856174999461,0.430180332131659,0.344256616812806,0.257044799871194,0.368112043129249,0.885961123110151,0.68259156148061,0.810999335828028,0.684143825000539,0.569819667868341,0.655743383187194,0.742955200128806,0.631887956870751,0.0913098394912963,0.0913098394912963,0.98557497597204,"Africa","Guinea","Has PAA"
"44","GMB",0.639548644912325,0.830611419331471,0.373645643894542,0.717169791775471,0.911305016067703,0.447143486227447,0.409907328525728,0.489542484152467,0.774071736488739,0.274809889874606,0.00193001515547994,0.00125164162952957,0.737511724352129,0.351563339918452,0.954166261209974,0.550272135831099,0.734384947158111,0.828518338133515,0.178401727861771,0.44098963914755,0.333218916315578,0.390084050381093,0.601601448080272,0.376390063040496,0.435099241693256,0.509544115374606,0.821598272138229,0.55901036085245,0.666781083684422,0.609915949618907,0.398398551919728,0.623609936959504,0.564900758306744,0.490455884625394,0.0792792122004776,0.0792792122004776,0.91431469948995,"Africa","Gambia","Has PAA"
"45","GNB",0.312886240505237,0.66572775817252,0.198530430119784,0.860671282330748,0.770026494547659,0.446184360764633,0.476828464688203,0.420712053839577,0.316706225602747,0.290531319632929,0.00000557509518353515,0.00239868385540488,0.769275945555482,0.38008078035668,0.69448227260439,0.208512623403229,0.458144971066807,0.941298592103969,0.164578833693304,0.272980702790548,0.0663825555792315,0.20542256663967,0.472051261555958,0.251814114592753,0.251905117128072,0.390308601247601,0.835421166306696,0.727019297209452,0.933617444420769,0.79457743336033,0.527948738444042,0.748185885407247,0.748094882871928,0.609691398752399,0.0827251107748424,0.0827251107748424,0.934725579089376,"Africa","Guinea-Bissau","Has PAA"
"46","GNQ",0.454888622937873,0.718955251983868,0.191602472402474,0.719116150503342,0.792629835727526,0.430982114459432,0.41245633143505,0.454821660375382,0.531145327484371,0.269802856349993,0.000768971446349013,0.000912984918315614,0.699691463952784,0.371932108109993,0.793966359700925,0.549722578630791,0.532402947249838,0.719378497826408,0.387904967602592,0.228872481361078,0.0599127978337775,0.246754511915807,0.597236748780535,0.17293603192745,0.2106118245315,0.0857829731773968,0.612095032397408,0.771127518638922,0.940087202166223,0.753245488084193,0.402763251219465,0.82706396807255,0.7893881754685,0.914217026822603,0.038265498558365,0.038265498558365,0.671380685905747,"Africa","Equatorial Guinea","Has PAA"
"47","GRC",0.611176438319217,0.324497882762887,0.626529577810771,0.2105934384901,0.445929037303747,0.740056636818643,0.756587212919248,0.725953536957859,0.441350878938421,0.170175000396127,0.00306971218624534,0.0040060925924252,0.689146830149089,0,0.309953432360081,0.34500713743954,0.481581246228207,0.0332609697768515,0.869114470842333,0.596642833727978,0.432162646120949,0.595543597223003,0.626317321011025,0.580051584780534,0.56822179109631,0.777560062136049,0.130885529157667,0.403357166272022,0.567837353879051,0.404456402776997,0.373682678988975,0.419948415219466,0.43177820890369,0.222439937863951,-0.0507470294718237,-0.0507470294718237,0.144138240065717,"Europe","Greece","No PAA"
"48","GTM",0.462414616567957,0.518864394112475,0.361021836886812,0.562417591823566,0.639592887662183,0.328430744719471,0.15927898478552,0.503853941595054,0.644256064470564,0.287775651987698,0.0020079996453893,0.00604029272336815,0.718516174694405,0.414766552011017,0.479938288815599,0.372372319008739,0.049160887983685,0.769024325745304,0.448380129589633,0.392956470244939,0.24355607393368,0.377578952518147,0.498034184488583,0.47224710678911,0.293691237270807,0.472631266469306,0.551619870410367,0.607043529755061,0.75644392606632,0.622421047481853,0.501965815511417,0.52775289321089,0.706308762729193,0.527368733530694,0.028143053713883,0.028143053713883,0.611423029429847,"Americas","Guatemala","No PAA"
"49","GUY",0.381970887086854,0.600786640298197,0.465585041270474,0.451377468231646,0.588462992133417,0.358571506341515,0.186234477190678,0.53689850349478,0.501248494291568,0.255086995506383,0.000369354442673731,0.00196285300684545,0.790491302617939,0.224783746685677,0.633839445465242,0.473720674386575,0.581942401190607,0.434311548588507,0.533477321814255,0.485624726525495,0.392119979613783,0.465708093964323,0.572155658511266,0.398302760952646,0.460332627806192,0.625129238304759,0.466522678185745,0.514375273474505,0.607880020386217,0.534291906035677,0.427844341488734,0.601697239047354,0.539667372193808,0.374870761695241,0.0120471394883879,0.0120471394883879,0.516083088276809,"Americas","Guyana","No PAA"
"50","HND",0.456357904873933,0.591579017825936,0.349296242718144,0.593872599864831,0.684055720846134,0.407648637658115,0.296911867861876,0.523917069583028,0.556540284578349,0.310586114540897,0.00247225439094403,0.00663915659305537,0.747158814573993,0.471396438695681,0.564716689476992,0.408206013804304,0.17826488887897,0.769024325745304,0.406479481641469,0.387407333370641,0.294976915974146,0.390684941281378,0.496084456509531,0.412201226792178,0.300025701834545,0.43047075783207,0.593520518358531,0.612592666629359,0.705023084025854,0.609315058718622,0.503915543490469,0.587798773207822,0.699974298165455,0.56952924216793,0.0362520961440002,0.0362520961440002,0.659454822918799,"Americas","Honduras","No PAA"
"51","HRV",0.563274614980702,0.494509547447211,0.656250515280053,0.223585717773334,0.514379447089229,0.613244896032429,0.683985208680001,0.546116288696431,0.500953827204055,0.173951778216799,0.00127423971400061,0.00337333076785002,0.705869844706802,0,0.557726628980395,0.449476060887779,0.483466820239912,0.408953076000013,0.81036717062635,0.628943877256349,0.481424767259437,0.620892959725761,0.763171004398271,0.613530094161892,0.607404363291212,0.687240074701519,0.18963282937365,0.371056122743651,0.518575232740563,0.379107040274239,0.236828995601729,0.386469905838108,0.392595636708788,0.312759925298481,-0.0402307123902274,-0.0402307123902274,0.206428895797342,"Europe","Croatia","No PAA"
"52","HTI",0.313523197238542,0.75345246164169,0.212031067683813,0.777565315972115,0.772253667240888,0.201070521961667,0.0940876143429595,0.315514217582403,0.562713748402473,0.335510823757883,0.00194167396625452,0.0142981573717398,0.806782837898444,0.498981882560767,0.779300608859899,0.382835373102113,0.552212214632949,0.837923989848624,0.266090712742981,0.274126199956553,0.133306915986607,0.115438689666031,0.480740309791236,0.246190200034413,0.298887249677929,0.370193834583103,0.733909287257019,0.725873800043447,0.866693084013393,0.884561310333969,0.519259690208764,0.753809799965587,0.701112750322071,0.629806165416897,0.061835662457442,0.061835662457442,0.810992391561214,"Americas","Haiti","No PAA"
"53","IDN",0.737847567846128,0.926809820235471,0.485530167010579,0.432309648373226,0.875786677175667,0.79698402135278,0.659720551103698,0.936143352524945,0.562149791012215,0.654405559352385,0.129031413693241,0.660130710514048,0.897581837695778,0.842249824666735,0.716906150492807,0.40176211280478,0.356676412527461,0.893143664074026,0.54902807775378,0.502282314798457,0.385927604008957,0.561706925808656,0.49963607775843,0.499562032599454,0.461517238359543,0.605344010255701,0.45097192224622,0.497717685201543,0.614072395991043,0.438293074191344,0.50036392224157,0.500437967400546,0.538482761640457,0.394655989744299,0.00897405386158558,0.00897405386158558,0.497880468735416,"Asia","Indonesia","No PAA"
"54","IND",0.738833730468594,0.756910993851718,0.476433592982813,0.49699899169572,0.833834235263857,0.764464074531101,0.635661334102143,0.895466362798874,0.596053376168837,0.530817668293435,0.0545718085864818,0.525544530290567,0.823690183175056,0.657417692284681,0.589111023135095,0.327335358931879,0.278985770835709,0.796633653808196,0.432397408207343,0.511680725338089,0.402189649135268,0.583748301335453,0.414021164717107,0.474865791449725,0.539314000475723,0.655945444915254,0.567602591792657,0.488319274661911,0.597810350864732,0.416251698664547,0.585978835282893,0.525134208550275,0.460685999524277,0.344054555084746,0.032107030833569,0.032107030833569,0.634902611889614,"Asia","India","No PAA"
"55","IRL",0.519652657761275,0.297707990367125,0.899763005511559,0.060097729929037,0.300527486220238,0.58600880331551,0.637023064278693,0.53886059140681,0.466986006003469,0.151317448586622,0.00132078434934229,0.00155058930787479,0.621977044365374,0,0.289172546654469,0.349023422065785,0.414774237586134,0.0556221577792753,0.942980561555076,0.850832968209678,0.834255074435859,0.826713036835144,0.816131039527775,0.865808370693147,0.867259260813414,0.894831026952731,0.057019438444924,0.149167031790322,0.165744925564141,0.173286963164856,0.183868960472225,0.134191629306853,0.132740739186586,0.105168973047269,-0.0637178446151687,-0.0637178446151687,0.0673090065628024,"Europe","Ireland","No PAA"
"56","IRN",0.737009088588093,0.761429848626396,0.301679641292488,0.464381377458738,0.821586851311688,0.679147827610231,0.60019922826879,0.761092698968155,0.678809553993709,0.399695130004217,0.0498143902901922,0.0470516527351453,0.717938164840137,0.750132440431376,0.726919677963339,0.60456655686621,0.563529209240044,0.502967896574356,0.695032397408207,0.302394674232735,0.209661147684183,0.431369829154029,0.343146660622881,0.230334813222176,0.37515300801546,0.22470258669768,0.304967602591793,0.697605325767265,0.790338852315817,0.568630170845971,0.656853339377119,0.769665186777824,0.62484699198454,0.77529741330232,-0.0208543118440054,-0.0208543118440054,0.321199940296847,"Asia","Iran","Has PAA"
"57","IRQ",0.60935225945144,0.464203797934947,0.150505842652847,0.655431426414218,0.722569293997996,0.349186263763052,0.124885480319586,0.579564659121394,0.829661832529361,0.179924409481088,0.00062944780638797,0.000534619174232905,0.538359736294117,0.193599509204205,0.506913483217409,0.404151600280422,0.00848069274748528,0.830405899532806,0.51792656587473,0.186607898295336,0.0998568229651478,0.241164113693933,0.090380768619801,0.247354890060953,0.132119516495355,0.308771277936823,0.48207343412527,0.813392101704664,0.900143177034852,0.758835886306067,0.909619231380199,0.752645109939047,0.867880483504645,0.691228722063177,0.012995504171016,0.012995504171016,0.521700478613679,"Asia","Iraq","No PAA"
"58","ISL",0.409732093073881,0.431354176112376,0.939897460005341,0.0299869442325757,0.296910751469364,0.550718160325507,0.697630376216112,0.408001554499513,0.348052281089713,0.146661987109916,0.000227711022625099,0.000498461355685752,0.606501723076519,0,0.491571466915464,0.43890727881264,0.555139385955733,0.21914339670762,0.979697624190065,0.884816915080071,0.908092306196986,0.836394329873231,0.893398749219653,0.826782025184993,0.925529675584466,0.918704404421094,0.020302375809935,0.115183084919929,0.091907693803014,0.163605670126769,0.106601250780347,0.173217974815007,0.074470324415534,0.081295595578906,-0.0710915590640143,-0.0710915590640143,0.0236327361886277,"Europe","Iceland","No PAA"
"59","ISR",0.472936025104674,0.379294490846566,0.723712209934855,0.141645900244068,0.365099102770037,0.464351513840785,0.470045336392071,0.463659834668478,0.523097388190086,0.265776491165792,0.000327253426186916,0.000337042522885962,0.493975154829143,0.563426630614979,0.295429233483865,0.254402455202468,0.565187090860159,0.0120027528054555,0.924406047516199,0.686569985300947,0.644646661757028,0.781394450576953,0.418886601109129,0.7893238359088,0.760001559898388,0.725166802555386,0.075593952483801,0.313430014699053,0.355353338242972,0.218605549423047,0.581113398890871,0.2106761640912,0.239998440101612,0.274833197444614,-0.0615214516625902,-0.0615214516625902,0.0803187661772082,"Asia","Israel","Has PAA"
"60","ITA",0.650769689374452,0.303160741288241,0.677222273126191,0.182237657614018,0.440694469206056,0.748670659600348,0.795841918457799,0.703846435091932,0.488288282176171,0.158758571870577,0.0053865329735798,0.00886673648569248,0.638759162251428,0,0.289799336577449,0.297814518732609,0.347329846465576,0.175494881766618,0.879913606911447,0.644562943709104,0.507338614310476,0.611699224270293,0.670554513969341,0.662787362541855,0.589610460988743,0.825387486173916,0.120086393088553,0.355437056290896,0.492661385689524,0.388300775729707,0.329445486030659,0.337212637458145,0.410389539011257,0.174612513826084,-0.0525637575703814,-0.0525637575703814,0.133377325986465,"Europe","Italy","No PAA"
"61","JAM",0.321418120445654,0.571463617797681,0.580523832573077,0.363130699159226,0.501749397622274,0.21548400366411,0.0798344244685232,0.358459770832175,0.559377261662059,0.291952720760926,0.00108671802755568,0.00502238556373267,0.776827995868775,0.37420376681273,0.553587252733698,0.432176380915502,0.526789701758971,0.374876653651692,0.586609071274298,0.585928774882351,0.40764819570768,0.629394112179262,0.706113444421623,0.576413422766877,0.479526721355853,0.716476752862813,0.413390928725702,0.414071225117649,0.59235180429232,0.370605887820738,0.293886555578377,0.423586577233123,0.520473278644147,0.283523247137187,0.0022487699405225,0.0022487699405225,0.458045007121436,"Americas","Jamaica","No PAA"
"62","JOR",0.559887802711974,0.30021671668754,0.503870915209969,0.401001006422468,0.50429404158058,0.109446846434917,0,0.227210106853708,1,0.135080900366877,0.000201439162754795,0.0000668273967791132,0.458427022065084,0.104699186376417,0.309121016894103,0.303579312237577,0,0.554650563984701,0.59438444924406,0.510929022741765,0.48588655743343,0.547359760968176,0.530805783012578,0.533556257934451,0.586652492268354,0.381313284833599,0.40561555075594,0.489070977258235,0.51411344256657,0.452640239031824,0.469194216987422,0.466443742065549,0.413347507731646,0.618686715166401,0.000125669232041634,0.000125669232041634,0.445469374959584,"Asia","Jordan","No PAA"
"63","JPN",0.785977311209226,0.675354497043754,0.885797420038641,0.0696196211766196,0.633726879378829,0.84642578793053,0.781288811152835,0.912996914617979,0.580236600808265,0.406043779862958,0.0424426847960759,0.0819649320814119,0.794270017157742,0.670288109695122,0.593213575715572,0.388419209160901,0.394427238515563,0.628089915686098,0.935637149028078,0.836183928711123,0.803699674642961,0.881292269001383,0.822020088167772,0.80732269187554,0.883196450729446,0.819572397849637,0.064362850971922,0.163816071288877,0.196300325357039,0.118707730998617,0.177979911832228,0.19267730812446,0.116803549270554,0.180427602150363,-0.0634736499319186,-0.0634736499319186,0.06875542994732,"Asia","Japan","No PAA"
"64","KEN",0.428294952132699,0.713426903078705,0.352122137608273,0.640715363596916,0.745739605452314,0.325412731274352,0.333895913459084,0.323229169693416,0.599402383519088,0.286430136744093,0.00226529649915305,0.00582044027309484,0.657746298584914,0.470406323873555,0.769159311004593,0.444164375639219,0.569929550764744,0.73914759863663,0.32267818574514,0.4028032077641,0.236278767805229,0.435506869109952,0.372013157375526,0.465427099524081,0.439592934937414,0.468000417832395,0.67732181425486,0.5971967922359,0.763721232194771,0.564493130890048,0.627986842624474,0.534572900475919,0.560407065062586,0.531999582167605,0.0517941283521341,0.0517941283521341,0.751513988702315,"Africa","Kenya","No PAA"
"65","KHM",0.647700576410151,0.729738126930659,0.307678931427384,0.666047607334234,0.854394437679569,0.503355847364607,0.29015168342459,0.721197913443818,0.729296966543204,0.381662203813333,0.00710256015353548,0.0214938861002889,0.785206210321648,0.682880912085965,0.698061399380974,0.55220438462715,0.141073487880881,0.9216415608188,0.342548596112311,0.347032804785795,0.118258249501871,0.401805385864163,0.629482881954949,0.404267468207808,0.279128536767421,0.249254306418556,0.657451403887689,0.652967195214205,0.881741750498129,0.598194614135837,0.370517118045051,0.595732531792192,0.720871463232579,0.750745693581444,0.0477003119259252,0.0477003119259252,0.727265337044625,"Asia","Cambodia","Has PAA"
"66","KOR",0.834321284295126,0.551380730411883,0.782400564438898,0.119457967806691,0.621791224639201,0.850233703915925,0.8512752967839,0.850590700805429,0.644257836832169,0.369604599612532,0.0251856239518302,0.0256817362984466,0.717938164840137,0.682241045392347,0.446220649201412,0.413340160384656,0.302287919607696,0.409331261004175,0.921814254859611,0.737689817357564,0.599173959474295,0.775937787806275,0.717861450933532,0.755842513691151,0.81533699392529,0.761986198314844,0.078185745140389,0.262310182642436,0.400826040525705,0.224062212193725,0.282138549066468,0.244157486308849,0.18466300607471,0.238013801685156,-0.0610169584683466,-0.0610169584683466,0.083306999761052,"Asia","South Korea","No PAA"
"67","KWT",0.458351115858266,0.503179338901325,0.522320062047468,0.30336216060786,0.506183598505802,0.380861157206499,0.229152362481961,0.538351768445362,0.586124345497249,0.214423716015616,0.00123884658801281,0.000596604006028025,0.600229024633571,0.261635754793313,0.530082551097782,0.384233470333998,0.640472702322872,0.263407801443489,0.781425485961123,0.501602744386782,0.376486243665133,0.504520856428157,0.629899842463598,0.507394221423396,0.581397755616375,0.409917546724031,0.218574514038877,0.498397255613218,0.623513756334867,0.495479143571843,0.370100157536402,0.492605778576604,0.418602244383625,0.590082453275969,-0.0358288282740439,-0.0358288282740439,0.232502305901298,"Asia","Kuwait","No PAA"
"68","LBN",0.347761600650332,0.548196400431899,0.335094910612523,0.46571776781404,0.55374375457732,0.198756681243167,0.0789754667894341,0.326020291457242,0.613065880583852,0.241652417271229,0.00100649300629158,0.00116060140783049,0.650734261378373,0.313857174112543,0.569461283505327,0.368413243278091,0.653297896948627,0.34301476960086,0.65097192224622,0.344240875024626,0.172253063228424,0.386509703404251,0.274723451271471,0.440138580532931,0.359006782593267,0.432813669117408,0.34902807775378,0.655759124975374,0.827746936771576,0.613490296595749,0.725276548728529,0.559861419467069,0.640993217406733,0.567186330882592,-0.0118943622816746,-0.0118943622816746,0.374271859793891,"Asia","Lebanon","No PAA"
"69","LBR",0.471677372837334,0.787757391739401,0.294101731242874,0.777119700327906,0.85160101439772,0.43907274404435,0.475388402059706,0.407995294727364,0.54661020226301,0.290237042045541,0.00126387935648881,0.00451262488975094,0.751246746657442,0.39362391851978,0.875332109492894,0.41349334569201,0.54630900841697,1,0.174082073434125,0.36670459753007,0.236532249723677,0.236830956894244,0.568647281358799,0.301780811050579,0.307776526767651,0.548659759385471,0.825917926565875,0.63329540246993,0.763467750276323,0.763169043105756,0.431352718641201,0.698219188949421,0.692223473232349,0.451340240614529,0.0803739079018726,0.0803739079018726,0.920798843372014,"Africa","Liberia","No PAA"
"70","LBY",0.440937605167615,0.601357673429456,0.0724534079901615,0.674744185450331,0.717344453896589,0.408271321993158,0.279011678933906,0.543056812255056,0.534282103902319,0.307860088755411,0.00210465318632603,0.00395379289059806,0.740070175116866,0.471220269169197,0.581911255240014,0.416663850821118,0.252905174625404,0.719378497826408,0.57451403887689,0.102915884168915,0.0616506106519228,0.128687685635381,0.113545196353897,0.0144085341453054,0.126067156362253,0.173136121864732,0.42548596112311,0.897084115831085,0.938349389348077,0.871312314364619,0.886454803646103,0.985591465854695,0.873932843637747,0.826863878135268,0.00183271432613045,0.00183271432613045,0.455580610428162,"Africa","Libya","No PAA"
"71","LCA",0.254139964224558,0.64740298729002,0.663407701742073,0.299665045612816,0.474112972446427,0.201709652496685,0.150948610714008,0.259925513772831,0.478756800116893,0.234379566601899,0.000462521684637459,0.000374491692095513,0.75084275965654,0.187551640603681,0.723520617530812,0.492945411519017,0.626438974295008,0.545066351983818,0.627213822894169,0.66283071692578,0.582250234578562,0.565081267786441,0.812633265981547,0.578315361580216,0.660875034578888,0.777829137049026,0.372786177105831,0.33716928307422,0.417749765421438,0.434918732213559,0.187366734018453,0.421684638419784,0.339124965421112,0.222170862950974,-0.00551757580374982,-0.00551757580374982,0.412043087885295,"Americas","St. Lucia","No PAA"
"72","LKA",0.639633989578614,0.819604113466031,0.499786424389066,0.364857926000799,0.763572660073004,0.500322431171953,0.45640181118636,0.548909280797172,0.721012534626429,0.461652592043111,0.0422069690085649,0.126414513231825,0.907303988069089,0.723514860073452,0.75103710296649,0.505124893062488,0.344446917248361,0.868412677426421,0.670842332613391,0.498583270726835,0.364993401893825,0.472994026981661,0.570516875214374,0.481761679368747,0.539338379589414,0.56189526131299,0.329157667386609,0.501416729273165,0.635006598106175,0.527005973018339,0.429483124785626,0.518238320631253,0.460661620410586,0.43810473868701,-0.0154062858379879,-0.0154062858379879,0.35346989846991,"Asia","Sri Lanka","No PAA"
"73","LTU",0.357382204007299,0.204601217805071,0.766283985674773,0.157751893600067,0.208748943200455,0.31593433883639,0.38295670342339,0.255300108643856,0.50938643850472,0.110429580656061,0.000201260118307045,0.000186923008382157,0.469703160173464,0,0.192299242128096,0.355519737605489,0.19903682449598,0.0763947362507373,0.844492440604752,0.731813189623057,0.572703329457959,0.752380907619353,0.759917356626191,0.759871022665967,0.751666320402673,0.794340200966199,0.155507559395248,0.268186810376943,0.427296670542041,0.247619092380647,0.240082643373809,0.240128977334033,0.248333679597327,0.205659799033801,-0.0454122512809531,-0.0454122512809531,0.175737404403739,"Europe","Lithuania","No PAA"
"74","LVA",0.349504535022395,0.247372605406828,0.74100054878184,0.178711946798443,0.241844937259235,0.454775024688226,0.557204757728983,0.357436864891456,0.359492966277496,0.093679070569894,0.0000832047538092279,0.0000981426503422725,0.406510751272967,0,0.272334477283011,0.233766477389796,0.362647393786447,0.190247220679279,0.821166306695464,0.71070836811244,0.530508197477144,0.746197031628434,0.692883037568941,0.776706946628849,0.751580845268799,0.766374150102476,0.178833693304536,0.28929163188756,0.469491802522856,0.253802968371566,0.307116962431059,0.223293053371151,0.248419154731201,0.233625849897524,-0.0407477020958488,-0.0407477020958488,0.203366642394389,"Europe","Latvia","Has PAA"
"75","MAR",0.667593958517899,0.640626850155613,0.436891426544364,0.500322038964474,0.756937576055563,0.670529469309565,0.541565881080103,0.80256981193346,0.590034812209067,0.352188711471388,0.0094066385428882,0.0343986761073009,0.821163112134329,0.52016050018125,0.595685471644666,0.381116580053079,0.456563753355253,0.578065141890189,0.47732181425486,0.461401812577638,0.394685527655348,0.478566351690482,0.540421655235075,0.461837766590405,0.501752970021444,0.391146604273073,0.52267818574514,0.538598187422362,0.605314472344652,0.521433648309518,0.459578344764925,0.538162233409595,0.498247029978556,0.608853395726927,0.0230849139826492,0.0230849139826492,0.581462460706399,"Africa","Morocco","No PAA"
"76","MDG",0.556805155599236,0.787839249961493,0.295067269430693,0.745106844708435,0.87291672126315,0.581321380331738,0.579962332085385,0.58659025104452,0.523800349108152,0.398072393257764,0.00535027829855485,0.0550008845752038,0.844699976996241,0.653743588961837,0.767617876050521,0.420944792298603,0.385860673742736,0.943437173346795,0.222030237580993,0.360243938479322,0.199216202307032,0.276932365111454,0.502550167300219,0.354046275991541,0.34770468021969,0.481013939945997,0.777969762419007,0.639756061520678,0.800783797692968,0.723067634888546,0.497449832699781,0.645953724008459,0.65229531978031,0.518986060054003,0.0715089748611184,0.0715089748611184,0.868289729407403,"Africa","Madagascar","No PAA"
"77","MEX",0.646227992763135,0.650308898550338,0.451831453930481,0.388029854976584,0.703058910929397,0.661368688295012,0.503554689515492,0.822344989251293,0.569218012844981,0.389821372511114,0.026547589636433,0.0708667416510951,0.795488562394596,0.634662428999353,0.572378410149839,0.452802789358815,0.307970548519412,0.609627887159718,0.677753779697624,0.450347532387682,0.233577519336376,0.490510230655199,0.491744060513405,0.548402737505019,0.379691833407413,0.558158812908683,0.322246220302376,0.549652467612318,0.766422480663624,0.509489769344801,0.508255939486595,0.451597262494981,0.620308166592587,0.441841187091317,-0.0158680374532169,-0.0158680374532169,0.350734833458596,"Americas","Mexico","No PAA"
"78","MLT",0.348606412096558,0.33486974867922,0.812386608467408,0.122186899449303,0.259390393603804,0.409635886515155,0.502898024933289,0.321886852339377,0.403371990467973,0.113191624072528,0.0000807678580535162,0.0000513311888303333,0.480413341789356,0,0.382283065136161,0.335631203531277,0.594499804863296,0.0704367694031835,0.883369330453564,0.770117886270414,0.593140910376659,0.730247904081345,0.86947324967142,0.808985122073799,0.773699565851088,0.845160565568171,0.116630669546436,0.229882113729586,0.406859089623341,0.269752095918655,0.13052675032858,0.191014877926201,0.226300434148912,0.154839434431829,-0.0529989287716045,-0.0529989287716045,0.130799703110569,"Europe","Malta","No PAA"
"79","MMR",0.641224924673378,0.764585625709068,0.26484118190774,0.7020184237591,0.880097310437348,0.584841515829724,0.332039719230424,0.841520262175883,0.638725616079373,0.481014709774493,0.059033625551347,0.135975673536222,0.856039597168935,0.821675389788502,0.650269399243443,0.478789282860259,0.373904010263128,0.66924606139039,0.319654427645788,0.320229924780783,0.302002858556292,0.294977891991746,0.342691757820918,0.349712200699385,0.297850054083319,0.334144785533036,0.680345572354212,0.679770075219217,0.697997141443708,0.705022108008254,0.657308242179082,0.650287799300615,0.702149945916681,0.665855214466964,0.0523554375846091,0.0523554375846091,0.754838757239418,"Asia","Myanmar (Burma)","No PAA"
"80","MOZ",0.615087825670989,0.774835320544627,0.273581053625816,0.840450070682274,0.927955147272475,0.577625083087463,0.564113945156451,0.59508056128765,0.609270316066757,0.386540442783104,0.00314695937366076,0.0401429266913142,0.818072235986783,0.653785162889553,0.759909157842129,0.466018964496278,0.3767340051416,0.892492238705284,0.106695464362851,0.355194544588,0.253881991718411,0.336502258227775,0.448999041830619,0.355608894452054,0.295316359479952,0.440858721819187,0.893304535637149,0.644805455412,0.746118008281589,0.663497741772225,0.551000958169381,0.644391105547946,0.704683640520048,0.559141278180813,0.0937451666652669,0.0937451666652669,1,"Africa","Mozambique","Has PAA"
"81","MRT",0.74295234846219,0.893716535195022,0.302708278600667,0.700409440449052,0.968511352327761,0.606543274923716,0.613954603119,0.602806235003505,0.759752814727958,0.32745324562415,0.0181530362686216,0.00409067606081229,0.776679567031107,0.492584029991997,0.994893500425467,0.744391440719716,0.767940684504707,0.680078772572168,0.284665226781857,0.357410531303565,0.247433641992616,0.368045195746187,0.472450900142966,0.337037648275479,0.376901804624551,0.342593997039591,0.715334773218143,0.642589468696435,0.752566358007384,0.631954804253813,0.527549099857034,0.662962351724521,0.623098195375449,0.657406002960409,0.0581771733910445,0.0581771733910445,0.789322287744005,"Africa","Mauritania","No PAA"
"82","MUS",0.415436163176921,0.6600842390913,0.721232375263968,0.229684383706845,0.526162478046418,0.343414542457697,0.457491925173882,0.235468670767949,0.563359011101478,0.292532502713912,0.000909495874964364,0.00197834921479423,0.750963668249753,0.405483777919522,0.684130914944069,0.476275052583739,0.565527064365526,0.546015342467285,0.724406047516199,0.702588953238105,0.515816015641063,0.710441576941786,0.784208316343617,0.740952940589601,0.711141118123305,0.752973751789258,0.275593952483801,0.297411046761895,0.484183984358937,0.289558423058214,0.215791683656383,0.259047059410399,0.288858881876695,0.247026248210742,-0.0240759032690926,-0.0240759032690926,0.302117685472176,"Africa","Mauritius","No PAA"
"83","MYS",0.716726872572973,0.673144223945341,0.653299842664227,0.262442435301002,0.688744757344432,0.741617190276658,0.6460417708921,0.839605512701729,0.587883169172098,0.368460469615929,0.0137046809856504,0.0171258924847266,0.750269914039911,0.665615649023775,0.627526556585816,0.418576666679459,0.416540907343585,0.642575226744209,0.726133909287257,0.635763577488566,0.526866940061283,0.753011130592241,0.655619779772812,0.665199962993622,0.675490598305412,0.538393053206025,0.273866090712743,0.364236422511434,0.473133059938717,0.246988869407759,0.344380220227188,0.334800037006378,0.324509401694588,0.461606946793975,-0.0242212472787266,-0.0242212472787266,0.301256778217619,"Asia","Malaysia","No PAA"
"84","NAM",0.372395309419023,0.795577539962878,0.571055040444456,0.444950998307538,0.671090955489284,0.483400616027325,0.520321135455925,0.451304350292882,0.362984342515733,0.254355096437892,0.0000264398762220574,0.0060067176061458,0.543533184065928,0.465270739977701,0.922784779317571,0.511408469969735,0.744080136748265,0.796633653808196,0.430669546436285,0.599230854270628,0.533342529560637,0.546018988297721,0.739879475040548,0.503687562451009,0.589204431297309,0.683252138976544,0.569330453563715,0.400769145729372,0.466657470439363,0.453981011702279,0.260120524959452,0.496312437548991,0.410795568702691,0.316747861023456,0.0322577595082875,0.0322577595082875,0.635795413800486,"Africa","Namibia","No PAA"
"85","NGA",0.791664178241928,0.766636543310858,0.223264449472928,0.779928615316698,0.968943365072854,0.693596935174588,0.687800695428869,0.702254514215794,0.741044428890303,0.432373054377045,0.0628309316959587,0.13825749015668,0.835860987223961,0.651670381430757,0.701945600954338,0.444951697806671,0.413515994995997,0.764008515034079,0.242764578833693,0.294434170378448,0.188209888311944,0.304818129399944,0.163869425897689,0.321285962826171,0.33243598886269,0.45598562697225,0.757235421166307,0.705565829621552,0.811790111688056,0.695181870600056,0.836130574102311,0.678714037173829,0.66756401113731,0.54401437302775,0.0669471229868073,0.0669471229868073,0.841268792096691,"Africa","Nigeria","Has PAA"
"86","NIC",0.377685464058553,0.623702552982679,0.291414630873089,0.597294920929192,0.664661005989516,0.304773025963102,0.0941935322140699,0.521844883818309,0.549034299429279,0.313887965025687,0.00270409675786687,0.0080857921726071,0.777181614213499,0.452192382120702,0.608944956779338,0.428366399541043,0.149922256181668,0.863253353918264,0.467818574514039,0.320980005772234,0.18360679025499,0.351843679921075,0.445421376991591,0.364391470337652,0.296221282989057,0.284395434139042,0.532181425485961,0.679019994227766,0.81639320974501,0.648156320078925,0.554578623008409,0.635608529662348,0.703778717010943,0.715604565860958,0.0236514080215012,0.0236514080215012,0.584817940088996,"Americas","Nicaragua","Has PAA"
"87","NLD",0.608104309002451,0.249069175520526,0.972523017150365,0.021735197660837,0.301347860272335,0.637223245707648,0.739269400107278,0.538564875249204,0.539873910078611,0.134411282749851,0.00153781198327849,0.00165260601020425,0.557669611734702,0,0.234112517382098,0.280201577923388,0.236308944975699,0.195789152113674,0.963714902807775,0.920485431480971,0.949307603834503,0.918603391710496,0.783288676097266,0.958738328652232,0.947565976974166,0.965408611617164,0.0362850971922249,0.079514568519029,0.050692396165497,0.081396608289504,0.216711323902734,0.041261671347768,0.052434023025834,0.034591388382836,-0.067211811738843,-0.067211811738843,0.0466134054745385,"Europe","Netherlands","No PAA"
"88","NOR",0.694306528905727,0.482783045258388,0.994286625792197,0,0.461800436733982,0.73366808476439,0.790036946349998,0.679786358792587,0.564375346309775,0.186657998285043,0.0253005319434987,0.00486193524392968,0.728446901631099,0,0.527669826930863,0.578182423118761,0.486819133939769,0.218418424688534,1,0.936702860331766,0.969464787047525,0.926433751922447,0.841064286386406,0.901646542068274,0.981607794565943,1,0,0.063297139668234,0.030535212952475,0.073566248077553,0.158935713613594,0.098353457931726,0.018392205434057,0,-0.0750813926007826,-0.0750813926007826,0,"Europe","Norway","No PAA"
"89","NZL",0.496027849332723,0.518196210207624,1,0.0119905906052251,0.382590267018491,0.639698068453923,0.629502024934057,0.653258784829003,0.380149884704857,0.271625254894303,0.000758479678709117,0.000731872987914249,0.591624931119487,0.48708786689385,0.495100038191796,0.331038618844098,0.537129382600931,0.351886950272566,0.961987041036717,0.945634819411462,0.990595923005895,0.880103177114232,0.919514379117371,0.95007611139447,0.96123401645784,0.972285309378965,0.038012958963283,0.054365180588538,0.00940407699410495,0.119896822885768,0.080485620882629,0.04992388860553,0.03876598354216,0.027714690621035,-0.067342321361649,-0.067342321361649,0.0458403658333035,"Oceania","New Zealand","No PAA"
"90","OMN",0.527399395523024,0.59650737865983,0.580083692664119,0.281801818508404,0.574930445245399,0.529641602967461,0.385463804481143,0.678211834555447,0.534222289293545,0.311310392271301,0.00302628677413652,0.00821073034919413,0.800480797588471,0.418690178657741,0.571284435173945,0.491651834448615,0.566170562653947,0.310450482622666,0.768466522678186,0.555783465081168,0.509946455028829,0.56313887785702,0.740044134475582,0.583350096812111,0.639349577105618,0.298871649207847,0.231533477321814,0.444216534918832,0.490053544971171,0.43686112214298,0.259955865524418,0.416649903187889,0.360650422894382,0.701128350792153,-0.0328829583125584,-0.0328829583125584,0.249951396697748,"Asia","Oman","No PAA"
"91","PAK",0.641875496784854,0.803710940423201,0.25129770914484,0.742392004265962,0.911557171138556,0.470017693886612,0.270665303570878,0.674319314064845,0.754462225115178,0.435687617965617,0.0490627400611421,0.060830687140601,0.776024877012281,0.815246825312236,0.753486471334613,0.517655581028555,0.447335256488025,0.75775893443677,0.269546436285097,0.316297042915116,0.251550760557904,0.387867994137004,0.148746133680311,0.37360647585235,0.379849009133844,0.356161884129282,0.730453563714903,0.683702957084884,0.748449239442096,0.612132005862996,0.851253866319689,0.62639352414765,0.620150990866156,0.643838115870718,0.0613766004617115,0.0613766004617115,0.808273257808052,"Asia","Pakistan","Has PAA"
"92","PAN",0.537913777223456,0.707303904281757,0.56652795716794,0.301542312603234,0.640999678868497,0.559775968599837,0.468779886517071,0.654883074573897,0.518840157478924,0.304917017761721,0.00251446230489686,0.00791727091116411,0.805739456353679,0.390038429397209,0.741612815202682,0.45333724806936,0.554202015653283,0.692110125744746,0.73304535637149,0.553433853869944,0.307303025658471,0.519123635433742,0.663666500395106,0.603479939972316,0.519829478476253,0.707200543283776,0.26695464362851,0.446566146130056,0.692696974341529,0.480876364566258,0.336333499604894,0.396520060027684,0.480170521523747,0.292799456716224,-0.026484398412017,-0.026484398412017,0.287851593967409,"Americas","Panama","No PAA"
"93","PER",0.758630054750729,0.617368464158434,0.501221874440206,0.367805515241717,0.729025332432337,0.66171398835366,0.619125757839816,0.70746129646612,0.726578752692656,0.244115266726657,0.0888116764496172,0.0265275709823175,0.77871858812276,0.0820223683943696,0.669345710601473,0.569968620300483,0.508048026485457,0.481035967864006,0.663498920086393,0.50062579565272,0.31401248344243,0.470846654359872,0.555110017473691,0.629103889691109,0.415410632988065,0.619271095961157,0.336501079913607,0.49937420434728,0.68598751655757,0.529153345640128,0.444889982526309,0.370896110308891,0.584589367011935,0.380728904038843,-0.0133076535903451,-0.0133076535903451,0.365900598098963,"Americas","Peru","Has PAA"
"94","PHL",0.646697588922592,0.879948976359833,0.439702319697109,0.45334063934808,0.828624370049754,0.632212529737192,0.420835705093552,0.84702393079948,0.599033039659784,0.562912002189161,0.0743488659442715,0.354512883159883,0.912680785878071,0.841155981641556,0.73906420587686,0.432025469274402,0.499670611920865,0.762994949230928,0.558099352051836,0.457715462014799,0.312838606210818,0.533856197644761,0.380566665621146,0.525313504888512,0.424400140390855,0.569317657332704,0.441900647948164,0.542284537985201,0.687161393789182,0.466143802355239,0.619433334378854,0.474686495111488,0.575599859609145,0.430682342667296,0.00664376549356537,0.00664376549356537,0.484077614621994,"Asia","Philippines","Has PAA"
"95","PNG",0.502737006090821,0.65735477058804,0.343781320737577,0.672788967820104,0.76730835895661,0.539720278218488,0.506999790770622,0.576739079247519,0.489540976838145,0.388797586641595,0.00485701209019628,0.0278747725608646,0.882489383782458,0.608469212502941,0.583827297933921,0.501647896511391,0.364073743329591,0.526953574262547,0.279049676025918,0.401104578349552,0.23029832910282,0.378575751626349,0.472608780554929,0.395818455150754,0.358678930265472,0.570647223396987,0.720950323974082,0.598895421650448,0.76970167089718,0.621424248373651,0.527391219445071,0.604181544849246,0.641321069734528,0.429352776603013,0.0612962221616261,0.0612962221616261,0.807797157954837,"Oceania","Papua New Guinea","Has PAA"
"96","POL",0.550028413030776,0.342444856657587,0.711058450465327,0.178939956642223,0.406726700364344,0.550737898033323,0.602248791553175,0.503422430257867,0.544875703040964,0.129399823782333,0.00101323442709476,0.00170845692635298,0.539170395824598,0,0.377283027065641,0.356969716830827,0.351777971865769,0.282092437349249,0.852267818574514,0.67912776005106,0.608472965210099,0.664844603037504,0.717869889299565,0.709030369182566,0.630918212292592,0.743630521284037,0.147732181425486,0.32087223994894,0.391527034789901,0.335155396962496,0.282130110700435,0.290969630817434,0.369081787707408,0.256369478715963,-0.0476213414474882,-0.0476213414474882,0.162652436160953,"Europe","Poland","No PAA"
"97","PRT",0.546984877094389,0.354548424928036,0.807122866505139,0.1478677729526,0.395016712042574,0.639171715758945,0.7076281544571,0.574084865250812,0.45217164337002,0.148498518419804,0.00129145865852753,0.00234702982890895,0.610540520525996,0,0.376092822970449,0.306403182814518,0.421213819183796,0.260907563488103,0.822462203023758,0.775065413773217,0.660412584127411,0.78154442228101,0.838277197288795,0.710811136282578,0.793526239246907,0.865820903412603,0.177537796976242,0.224934586226783,0.339587415872589,0.21845557771899,0.161722802711205,0.289188863717422,0.206473760753093,0.134179096587397,-0.0409340579689495,-0.0409340579689495,0.202262812085278,"Europe","Portugal","No PAA"
"98","QAT",0.556530614254407,0.71533931060992,0.634617919718534,0.237804696983044,0.623886817876685,0.516201714015267,0.480470437429547,0.5564509318545,0.58853481939247,0.234443419902769,0.00137913785386406,0.000707014487663081,0.622113687518624,0.315273253046333,0.823975634076118,0.462517050082168,0.787271696731001,0.610098786445646,0.807775377969763,0.602917394078842,0.629276027628557,0.658133390644458,0.744856471892855,0.62843469835737,0.700881433811162,0.255922342138651,0.192224622030237,0.397082605921158,0.370723972371443,0.341866609355542,0.255143528107145,0.37156530164263,0.299118566188838,0.744077657861349,-0.0411170348305097,-0.0411170348305097,0.201178996467904,"Asia","Qatar","No PAA"
"99","RUS",0.582369425158764,0.530951959047624,0.398122349900711,0.372131723459873,0.612612022238994,0.693333503893776,0.719564312845205,0.669966494285928,0.447656248285553,0.188693151519996,0.0140968934438092,0.0507213484800157,0.70149400741144,0,0.59690560122333,0.467496360383964,0.681056423681856,0.269566472285177,0.774946004319654,0.381421989290895,0.237998287856868,0.510271929462881,0.505649374761596,0.39645116751385,0.347397102009829,0.290764074140343,0.225053995680346,0.618578010709105,0.762001712143132,0.489728070537119,0.494350625238404,0.60354883248615,0.652602897990171,0.709235925859657,-0.034788663633484,-0.034788663633484,0.238663449296519,"Europe","Russia","No PAA"
"100","SAU",0.597656463920989,0.60666934968393,0.501177104672533,0.292954027231982,0.618126965947113,0.597398350703417,0.534143138879702,0.664413250506157,0.565039925661804,0.308943089440079,0.00796407494621625,0.00817812374496858,0.713633367715115,0.491672388700444,0.588687433091905,0.431211885796229,0.449346244373134,0.521572552396065,0.828509719222462,0.474325995400159,0.538261215222871,0.592389769195257,0.502737349280563,0.505138832149928,0.565657309024765,0.141771497527571,0.171490280777538,0.525674004599841,0.461738784777129,0.407610230804743,0.497262650719437,0.494861167850072,0.434342690975235,0.858228502472429,-0.045083805505117,-0.045083805505117,0.177682867115672,"Asia","Saudi Arabia","No PAA"
"101","SDN",0.397668582009788,0.675833022817909,0.101705069296215,0.893480644519144,0.823295820480038,0.235491740837258,0,0.478122827767262,0.646352956302077,0.32217088814793,0.00203806453290873,0.0133357782905875,0.749824530504731,0.506315665843375,0.677794496179578,0.588440540996192,0.477300262610494,0.509749054654453,0.226781857451404,0.172159492017429,0.0929970355251008,0.177221263594924,0.236077353712223,0.156950990942447,0.277959753253266,0.0917505550766128,0.773218142548596,0.827840507982571,0.907002964474899,0.822778736405076,0.763922646287777,0.843049009057553,0.722040246746734,0.908249444923387,0.0690574322790245,0.0690574322790245,0.853768657647417,"Africa","Sudan","No PAA"
"102","SEN",0.761975884617226,0.809861040912856,0.454877359913969,0.631961502560942,0.917695554407212,0.599402718971094,0.587433618083427,0.615112790082171,0.793584398398174,0.384083444860523,0.0142234402433892,0.0325313830494729,0.877289869436502,0.581803065718084,0.814190359002558,0.548369019553961,0.412725501716073,0.879755607299108,0.222030237580993,0.516033355702059,0.442461548430349,0.466064501078109,0.589646165349479,0.491563776557954,0.485881551259652,0.62058259153681,0.777969762419007,0.483966644297941,0.557538451569651,0.533935498921891,0.410353834650521,0.508436223442046,0.514118448740348,0.37941740846319,0.0717827917030159,0.0717827917030159,0.869911611906744,"Africa","Senegal","Has PAA"
"103","SLB",0.443353388863685,0.826830703324436,0.435482409060061,0.584859556577647,0.776695213171481,0.48748398198583,0.497284034507374,0.482470050721741,0.45845891624886,0.381710225405246,0.00162892605736265,0.0183659119582945,1,0.476870488254189,0.841671962366852,0.599592767365792,0.596919004094526,0.697804243436409,0.320518358531318,0.486838218161057,0.447384944355348,0.29805658462303,0.668373368354913,0.330382675389682,0.481362498263929,0.69546923797944,0.679481641468682,0.513161781838943,0.552615055644652,0.70194341537697,0.331626631645087,0.669617324610318,0.518637501736071,0.30453076202056,0.0529314639246284,0.0529314639246284,0.758250698716656,"Oceania","Solomon Islands","No PAA"
"104","SLE",0.661541114019887,0.785933016426477,0.324519231203143,0.772726321369016,0.924035433668486,0.474225716932922,0.415415818480891,0.537945548702865,0.777846103512748,0.352657845302128,0.0124267060175003,0.00971418535789138,0.806396855335849,0.558366811584142,0.810211952846708,0.606227896799219,0.412212723738885,0.814669457042238,0.147300215982721,0.399115065924465,0.325958955916676,0.27910567301084,0.60153294959341,0.316131396373243,0.35783533083187,0.514126089820749,0.852699784017279,0.600884934075535,0.674041044083324,0.72089432698916,0.39846705040659,0.683868603626757,0.64216466916813,0.485873910179251,0.0854932214591626,0.0854932214591626,0.951121759265968,"Africa","Sierra Leone","Has PAA"
"105","SLV",0.499806850689863,0.546096044032168,0.425715877767429,0.489053106732856,0.635572275124903,0.404620141659638,0.225235662693679,0.589564564307562,0.620529950341586,0.27709556025581,0.00155314094030769,0.0046156101050772,0.740861993737871,0.353877042710319,0.530910444353837,0.373701675188679,0.168311852978765,0.74771112512557,0.508423326133909,0.448518239215071,0.301301627532857,0.427754015641921,0.539821742047042,0.506701868140827,0.345241979237388,0.570288202690393,0.491576673866091,0.551481760784929,0.698698372467143,0.572245984358079,0.460178257952958,0.493298131859173,0.654758020762612,0.429711797309607,0.0168116523888108,0.0168116523888108,0.544304435209045,"Americas","El Salvador","No PAA"
"106","STP",0.194129730600428,0.705536343929747,0.44274410932629,0.551368240781899,0.596455016009322,0.184648034655123,0.216222825947752,0.160687392455366,0.411620885178679,0.206619323899512,0.000116120790685497,0.0000907173840334821,0.62264500272647,0.211309434045672,0.837295219330527,0.466652343945938,0.695198996502173,0.723949652869882,0.37451403887689,0.483786663275384,0.494442064391037,0.386683174947975,0.715553831008061,0.329332718318399,0.376805405640857,0.599902785345977,0.62548596112311,0.516213336724616,0.505557935608963,0.613316825052025,0.284446168991939,0.670667281681601,0.623194594359143,0.400097214654023,0.0422741452594953,0.0422741452594953,0.695124856956543,"Africa","São Tomé & Príncipe","Has PAA"
"107","SUR",0.380853443712546,0.647726273356779,0.482975284412026,0.391005737837732,0.581550655935151,0.339325413553089,0.241774044762678,0.443046479623805,0.51892675490445,0.251647698576352,0.000430220351800859,0.00199029420842141,0.805798357889346,0.196370940280873,0.706730820981057,0.499645767408963,0.387656117426857,0.74448404291099,0.633261339092873,0.48959020747255,0.395911442075606,0.383283517233821,0.62322922305313,0.376432013856735,0.518746854261932,0.639938194354078,0.366738660907127,0.51040979252745,0.604088557924394,0.616716482766179,0.37677077694687,0.623567986143265,0.481253145738068,0.360061805645922,-0.00762027065072109,-0.00762027065072109,0.399588324510904,"Americas","Suriname","Has PAA"
"108","SVN",0.476321137998896,0.291639637505683,0.78911169348739,0.118479253986837,0.305601381898641,0.175601604263862,0.257853333915855,0.101048503625911,0.816596790256235,0.11896436879245,0.000227718434305472,0.000204356242324535,0.501962710016122,0,0.312546866020472,0.33009473819986,0.160775131925327,0.374025048799945,0.915766738660907,0.745898562552143,0.665493462329736,0.763790720682401,0.791914203874566,0.667913163348655,0.77473288450526,0.811546940572237,0.084233261339093,0.254101437447857,0.334506537670264,0.236209279317599,0.208085796125434,0.332086836651345,0.22526711549474,0.188453059427763,-0.0604158697789507,-0.0604158697789507,0.0868673915146302,"Europe","Slovenia","No PAA"
"109","SWE",0.515288119175385,0.361577634847965,0.974738910712194,0.0180546622228472,0.310377633834451,0.602399865877741,0.669713581389493,0.538799131789015,0.444471264887414,0.144437095602966,0.00160360326163806,0.00185663941486319,0.595346629168706,0,0.390554694362281,0.326040102550951,0.43670062039952,0.253919638023209,0.970626349892009,0.922398033833193,0.981843806191379,0.914439433756409,0.792474596369884,0.910784084708565,0.965724197650072,0.969122084322847,0.029373650107991,0.077601966166807,0.018156193808621,0.085560566243591,0.207525403630116,0.089215915291435,0.034275802349928,0.030877915677153,-0.0689028697696344,-0.0689028697696344,0.0365968651970901,"Europe","Sweden","No PAA"
"110","SYR",0.468455661830644,0.448152946992828,0.0224622273479358,0.88245123519809,0.75287875765381,0.320204886492899,0.264395181846777,0.382362845103994,0.660957828818666,0.261645312350397,0.00126242974127534,0.00213557115794123,0.658157460605812,0.380874462245717,0.401443673755466,0.332923716476954,0.0948225366428645,0.610098786445646,0.326565874730022,0.085240453931477,0.0431831407483835,0.166259229294986,0.0531946905072429,0.12058629177419,0.0663079964633181,0.0619113748007417,0.673434125269978,0.914759546068523,0.956816859251617,0.833740770705014,0.946805309492757,0.87941370822581,0.933692003536682,0.938088625199258,0.0501558150227753,0.0501558150227753,0.741809867878665,"Asia","Syria","No PAA"
"111","TGO",0.541560018184412,0.727023279370994,0.288126087581815,0.741123331991079,0.840736306123526,0.344131554799374,0.377356398688901,0.317031526129929,0.739600440261934,0.263415170844837,0.000489905983487087,0.00125164162952957,0.6501741945818,0.397212944224048,0.812291532476669,0.37949589443192,0.569916109920422,0.887743927708568,0.234989200863931,0.35252500899315,0.2673005833,0.297298180706504,0.408925504607206,0.372251545796381,0.398583799269356,0.37079044027945,0.765010799136069,0.64747499100685,0.7326994167,0.702701819293496,0.591074495392794,0.627748454203619,0.601416200730644,0.62920955972055,0.0681378979627972,0.0681378979627972,0.848322036450936,"Africa","Togo","No PAA"
"112","THA",0.765984208603924,0.717405986226953,0.47177474320365,0.372832944592715,0.777193259890026,0.750600273761505,0.610654566509503,0.892874995696754,0.648010734232415,0.359588080098861,0.0231476868102438,0.0466435859258274,0.77991699950775,0.563426630614979,0.701888835819134,0.45790719345576,0.389526643065119,0.774931933863367,0.690280777537797,0.464832574999087,0.349227579211542,0.59804284789857,0.459232675295924,0.539755749118736,0.538648398219253,0.304088200250496,0.309719222462203,0.535167425000913,0.650772420788458,0.40195715210143,0.540767324704076,0.460244250881264,0.461351601780747,0.695911799749504,-0.0186529834192255,-0.0186529834192255,0.334238933890923,"Asia","Thailand","Has PAA"
"113","TLS",0.347858341961698,0.845048914733115,0.392689280193253,0.556660181752079,0.731529729645886,0.224785841959542,0.204688285695601,0.25212272115285,0.587172453045687,0.345123465058173,0.00266754822234676,0.00230312390638741,0.78419020497725,0.569226697902789,0.905214464972686,0.540553627945824,0.554826947155677,0.922558365876311,0.4207343412527,0.429422214411124,0.33059063953655,0.313360022030032,0.667921561644085,0.342534303966956,0.276111136830683,0.64601562245844,0.5792656587473,0.570577785588876,0.66940936046345,0.686639977969968,0.332078438355915,0.657465696033044,0.723888863169317,0.35398437754156,0.0322975883326244,0.0322975883326244,0.636031329431948,"Asia","Timor-Leste","No PAA"
"114","TON",0.218122950758432,0.732627662294325,0.587082287649191,0.345927415605199,0.521956978060677,0.148992130211686,0.0973193582892837,0.208612023224347,0.480940546930563,0.332488927482434,0.00108218678650885,0.00186826157082477,0.952253159843813,0.355363325266405,0.751510044394521,0.693660970861953,0.498290057509107,0.526953574262547,0.61511879049676,0.588661924303369,0.430949093025197,0.553050311234013,0.785543844596461,0.438027349119351,0.621686943445245,0.702714004399948,0.38488120950324,0.411338075696631,0.569050906974803,0.446949688765987,0.214456155403539,0.561972650880649,0.378313056554755,0.297285995600052,-0.00387468018686338,-0.00387468018686338,0.421774350691507,"Oceania","Tonga","No PAA"
"115","TTO",0.462769989177588,0.614369275260846,0.566976051176212,0.290355907092643,0.556559661249383,0.42328950326865,0.323781380209575,0.528183226525157,0.549895912494654,0.254593015407918,0.00108507897027155,0.00309407618710638,0.786774682587246,0.224783746685677,0.654430349407371,0.470702974043746,0.586696931615038,0.472634642047701,0.755939524838013,0.551867358758466,0.369548275831991,0.563920717522741,0.657777188688542,0.510689305310745,0.505852834533778,0.703415830663001,0.244060475161987,0.448132641241534,0.630451724168009,0.436079282477259,0.342222811311458,0.489310694689255,0.494147165466222,0.296584169336999,-0.0308683726138574,-0.0308683726138574,0.261884268560204,"Americas","Trinidad & Tobago","No PAA"
"116","TUN",0.584284360769146,0.596650364205432,0.478922092010525,0.39898211627474,0.656148910216088,0.561042419375771,0.442115833052013,0.684068202863917,0.582634088779818,0.328437472177991,0.003027454327069,0.009080777857985,0.771980522778399,0.511143767515755,0.554368917282182,0.410209261382381,0.481284372355097,0.443869843112503,0.618574514038877,0.490269662447258,0.435287768394635,0.5007916668714,0.425075889645599,0.424901754001205,0.542318150398378,0.613242745372328,0.381425485961123,0.509730337552742,0.564712231605365,0.4992083331286,0.574924110354401,0.575098245998795,0.457681849601622,0.386757254627672,-0.00417128210115477,-0.00417128210115477,0.420017506770853,"Africa","Tunisia","No PAA"
"117","TUR",0.636670826738198,0.663225961953058,0.434017724652783,0.356870192123745,0.690728727311933,0.772925156314506,0.767869672231628,0.780101174582067,0.444252335244558,0.328115468810268,0.00168798746078706,0.010960984422437,0.717938164840137,0.563426630614979,0.653196455213692,0.277751223099839,0.902631823242935,0.347250941038862,0.760259179265659,0.423596770559656,0.365033202368091,0.524581750921781,0.338690717696184,0.504791117238797,0.46051748944845,0.347966345684635,0.239740820734341,0.576403229440344,0.634966797631909,0.475418249078219,0.661309282303816,0.495208882761203,0.53948251055155,0.652033654315365,-0.0318625958764185,-0.0318625958764185,0.255995246910509,"Asia","Turkey","No PAA"
"118","TZA",0.436227256075398,0.802888610380675,0.347083331453048,0.690024003987692,0.807690625424342,0.350942378642412,0.303614616215464,0.404331353538249,0.585002178262816,0.334699519967838,0.00715657009669043,0.007547298946387,0.737511724352129,0.566718243111298,0.853257846341276,0.425519080788015,0.670771412749234,0.820566038641886,0.248380129589633,0.407911026885995,0.336970628147184,0.361714488484331,0.494442597357395,0.380544754093281,0.406765854006738,0.46702783922704,0.751619870410367,0.592088973114005,0.663029371852816,0.638285511515669,0.505557402642605,0.619455245906719,0.593234145993262,0.53297216077296,0.0660185193413429,0.0660185193413429,0.835768451098797,"Africa","Tanzania","No PAA"
"119","URY",0.400471713010054,0.513976643847013,0.748582327969058,0.201124469780791,0.429967693099487,0.368974970267977,0.47829898620155,0.26554376978335,0.516802667972023,0.214431283558392,0.000792597303699924,0.00137528845545421,0.653965351118266,0.20759563564413,0.546050721385481,0.383068949831898,0.540316423702567,0.39579492395847,0.75377969762419,0.731432493491187,0.764014340133308,0.642533427987839,0.819352188460888,0.624941353462107,0.669964817905809,0.86778883299717,0.24622030237581,0.268567506508813,0.235985659866692,0.357466572012161,0.180647811539112,0.375058646537893,0.330035182094191,0.13221116700283,-0.028960472963418,-0.028960472963418,0.273185213498806,"Americas","Uruguay","No PAA"
"120","USA",0.772750655176948,0.535983616350414,0.86327354155389,0.0755967066040554,0.564678891919172,0.839570612855694,0.810443280007081,0.870196112538404,0.568534077677494,0.378102982340997,0.197492490237161,0.0393025802477585,0.702238667798169,0.54417848224439,0.414940631719714,0.42153063289558,0.403150811195432,0.239422136896466,0.942548596112311,0.815555900876235,0.778390361157528,0.860181081219078,0.7042002422236,0.861991483698625,0.864757722010143,0.823814514948437,0.057451403887689,0.184444099123765,0.221609638842472,0.139818918780922,0.2957997577764,0.138008516301375,0.135242277989857,0.176185485051563,-0.0643278522099704,-0.0643278522099704,0.0636957860040607,"Americas","United States","No PAA"
"121","VCT",0.218203079792708,0.489120679478416,0.665452030836163,0.282500716474251,0.362894174086466,0.236588901232691,0.1948377586158,0.285469144130477,0.393456201184093,0.210894190431395,0.000172847026645459,0.000717345292962268,0.75084275965654,0.0986083263014459,0.512810825043924,0.472983611123953,0.424624843080847,0.356903108506543,0.660907127429806,0.661995019337677,0.64022452252515,0.565081267786441,0.780406174779403,0.571443382769664,0.632001429450745,0.782813338714662,0.339092872570194,0.338004980662323,0.35977547747485,0.434918732213559,0.219593825220597,0.428556617230336,0.367998570549255,0.217186661285338,-0.0111424429904749,-0.0111424429904749,0.378725657196792,"Americas","St. Vincent & Grenadines","No PAA"
"122","VEN",0.566901037371566,0.628062031629487,0.122970336153893,0.58511360314008,0.744723245082873,0.538372244182931,0.454249208660328,0.626806181877349,0.580914541533706,0.331027546584685,0.00827650481179854,0.0350346663085321,0.75084275965654,0.510881801279666,0.598255678169945,0.420386210980478,0.358807830133081,0.641551810913256,0.672570194384449,0.134405334574612,0.0828839269136689,0.185412025893405,0.335710173492401,0.0022399406491543,0,0.20018594049904,0.327429805615551,0.865594665425388,0.917116073086331,0.814587974106595,0.664289826507599,0.997760059350846,1,0.79981405950096,-0.0170295465823384,-0.0170295465823384,0.343854937699475,"Americas","Venezuela","No PAA"
"123","VNM",0.809159652360908,0.698452047939314,0.432001299653524,0.477733169309523,0.830814515891559,0.766045855629378,0.651139498904141,0.883136988760201,0.693142584270229,0.424852885663306,0.0213896160372365,0.182870427165886,0.717938164840137,0.737958388600974,0.608579703410031,0.449920130970215,0.283401482882199,0.707509789683622,0.53304535637149,0.442368963224707,0.327656918416504,0.522543332102084,0.648714403805157,0.430432317555153,0.532586642206973,0.19228016526237,0.46695464362851,0.557631036775293,0.672343081583496,0.477456667897916,0.351285596194843,0.569567682444847,0.467413357793027,0.80771983473763,0.01194192940584,0.01194192940584,0.515459903850109,"Asia","Vietnam","No PAA"
"124","VUT",0.277285806063749,0.723320271803587,0.517431379216099,0.50247168746165,0.620823796944681,0.327602260785893,0.331931541600987,0.329552153694164,0.385339032521975,0.311195759512493,0.000123423204053714,0.000938489093897981,0.775768535243635,0.453143670663554,0.759031958230785,0.529793715824958,0.613619393571538,0.590125493473725,0.381857451403888,0.55341025299276,0.408009091554798,0.418232478786588,0.777149673746867,0.411057611062534,0.609937898255856,0.69607476454992,0.618142548596112,0.44658974700724,0.591990908445202,0.581767521213412,0.222850326253133,0.588942388937466,0.390062101744144,0.30392523545008,0.0416863186221433,0.0416863186221433,0.691643019502131,"Oceania","Vanuatu","Has PAA"
"125","WSM",0.398010709870636,0.799497557286158,0.675090755017469,0.313543267390623,0.624525413121863,0.338407080483781,0.364368160379265,0.31862427370481,0.543917640145531,0.334154846169638,0.000286916059008595,0.00258173281179985,0.930341970867623,0.383661673137808,0.848785103711976,0.644649290467194,0.624355627529063,0.639149823904462,0.585313174946004,0.678504467883866,0.608713213533158,0.649485941007284,0.847732214423535,0.490040955335895,0.721238153381342,0.753816329621979,0.414686825053996,0.321495532116134,0.391286786466842,0.350514058992716,0.152267785576465,0.509959044664105,0.278761846618658,0.246183670378021,0.00227810181187764,0.00227810181187764,0.458218746795351,"Oceania","Samoa","No PAA"
"126","YEM",0.418630658417019,0.637105969251194,0,1,0.859319430565488,0.364192077637311,0.21798382456142,0.516337811115609,0.547063521757207,0.326784979833534,0.00482323989421531,0.0119837341470564,0.717938164840137,0.554232841745344,0.615879693081199,0.390061071369659,0.163138674270441,0.901833901221314,0.196976241900648,0.0835956398630977,0.0404020919547964,0.0438069056628846,0,0.177638962353483,0.125026311882526,0.114699567324897,0.803023758099352,0.916404360136902,0.959597908045204,0.956193094337115,1,0.822361037646517,0.874973688117474,0.885300432675103,0.0748855901239756,0.0748855901239756,0.888290227418714,"Asia","Yemen","No PAA"
"127","ZAF",0.546772455193152,0.608200963100848,0.552435608387553,0.3766457072155,0.634034713907405,0.604439129948995,0.655445847972418,0.557126349719174,0.486606190013775,0.274183425856543,0.000728535895761443,0.00583593648104362,0.643491654771996,0.439829481306373,0.625713278331828,0.311531894430404,0.419957429165569,0.742675716155199,0.58488120950324,0.56342302439249,0.44324220594814,0.595996011863574,0.551594497052137,0.55300251595021,0.509960498538051,0.72674241700283,0.41511879049676,0.43657697560751,0.55675779405186,0.404003988136426,0.448405502947863,0.44699748404979,0.490039501461949,0.27325758299717,0.0029067570395109,0.0029067570395109,0.461942421733502,"Africa","South Africa","No PAA"
